"Passenger Class";"Name";"Sex";"No of Siblings or Spouses on Board";"No of Parents or Children on Board";"Ticket Number";"Survived"
"First";"Allen, Miss. Elisabeth Walton";"Female";0;0;"24160";"Yes"
"First";"Allison, Master. Hudson Trevor";"Male";1;2;"113781";"Yes"
"First";"Allison, Miss. Helen Loraine";"Female";1;2;"113781";"No"
"First";"Allison, Mr. Hudson Joshua Creighton";"Male";1;2;"113781";"No"
"First";"Allison, Mrs. Hudson J C (Bessie Waldo Daniels)";"Female";1;2;"113781";"No"
"First";"Anderson, Mr. Harry";"Male";0;0;"19952";"Yes"
"First";"Andrews, Miss. Kornelia Theodosia";"Female";1;0;"13502";"Yes"
"First";"Andrews, Mr. Thomas Jr";"Male";0;0;"112050";"No"
"First";"Appleton, Mrs. Edward Dale (Charlotte Lamson)";"Female";2;0;"11769";"Yes"
"First";"Artagaveytia, Mr. Ramon";"Male";0;0;"PC 17609";"No"
"First";"Astor, Col. John Jacob";"Male";1;0;"PC 17757";"No"
"First";"Astor, Mrs. John Jacob (Madeleine Talmadge Force)";"Female";1;0;"PC 17757";"Yes"
"First";"Aubart, Mme. Leontine Pauline";"Female";0;0;"PC 17477";"Yes"
"First";"Barber, Miss. Ellen 'Nellie'";"Female";0;0;"19877";"Yes"
"First";"Barkworth, Mr. Algernon Henry Wilson";"Male";0;0;"27042";"Yes"
"First";"Baumann, Mr. John D";"Male";0;0;"PC 17318";"No"
"First";"Baxter, Mr. Quigg Edmond";"Male";0;1;"PC 17558";"No"
"First";"Baxter, Mrs. James (Helene DeLaudeniere Chaput)";"Female";0;1;"PC 17558";"Yes"
"First";"Bazzani, Miss. Albina";"Female";0;0;"11813";"Yes"
"First";"Beattie, Mr. Thomson";"Male";0;0;"13050";"No"
"First";"Beckwith, Mr. Richard Leonard";"Male";1;1;"11751";"Yes"
"First";"Beckwith, Mrs. Richard Leonard (Sallie Monypeny)";"Female";1;1;"11751";"Yes"
"First";"Behr, Mr. Karl Howell";"Male";0;0;"111369";"Yes"
"First";"Bidois, Miss. Rosalie";"Female";0;0;"PC 17757";"Yes"
"First";"Bird, Miss. Ellen";"Female";0;0;"PC 17483";"Yes"
"First";"Birnbaum, Mr. Jakob";"Male";0;0;"13905";"No"
"First";"Bishop, Mr. Dickinson H";"Male";1;0;"11967";"Yes"
"First";"Bishop, Mrs. Dickinson H (Helen Walton)";"Female";1;0;"11967";"Yes"
"First";"Bissette, Miss. Amelia";"Female";0;0;"PC 17760";"Yes"
"First";"Bjornstrom-Steffansson, Mr. Mauritz Hakan";"Male";0;0;"110564";"Yes"
"First";"Blackwell, Mr. Stephen Weart";"Male";0;0;"113784";"No"
"First";"Blank, Mr. Henry";"Male";0;0;"112277";"Yes"
"First";"Bonnell, Miss. Caroline";"Female";0;0;"36928";"Yes"
"First";"Bonnell, Miss. Elizabeth";"Female";0;0;"113783";"Yes"
"First";"Borebank, Mr. John James";"Male";0;0;"110489";"No"
"First";"Bowen, Miss. Grace Scott";"Female";0;0;"PC 17608";"Yes"
"First";"Bowerman, Miss. Elsie Edith";"Female";0;1;"113505";"Yes"
"First";"Bradley, Mr. George ('George Arthur Brayton')";"Male";0;0;"111427";"Yes"
"First";"Brady, Mr. John Bertram";"Male";0;0;"113054";"No"
"First";"Brandeis, Mr. Emil";"Male";0;0;"PC 17591";"No"
"First";"Brewe, Dr. Arthur Jackson";"Male";0;0;"112379";"No"
"First";"Brown, Mrs. James Joseph (Margaret Tobin)";"Female";0;0;"PC 17610";"Yes"
"First";"Brown, Mrs. John Murray (Caroline Lane Lamson)";"Female";2;0;"11769";"Yes"
"First";"Bucknell, Mrs. William Robert (Emma Eliza Ward)";"Female";0;0;"11813";"Yes"
"First";"Burns, Miss. Elizabeth Margaret";"Female";0;0;"16966";"Yes"
"First";"Butt, Major. Archibald Willingham";"Male";0;0;"113050";"No"
"First";"Cairns, Mr. Alexander";"Male";0;0;"113798";"No"
"First";"Calderhead, Mr. Edward Pennington";"Male";0;0;"PC 17476";"Yes"
"First";"Candee, Mrs. Edward (Helen Churchill Hungerford)";"Female";0;0;"PC 17606";"Yes"
"First";"Cardeza, Mr. Thomas Drake Martinez";"Male";0;1;"PC 17755";"Yes"
"First";"Cardeza, Mrs. James Warburton Martinez (Charlotte Wardle Drake)";"Female";0;1;"PC 17755";"Yes"
"First";"Carlsson, Mr. Frans Olof";"Male";0;0;"695";"No"
"First";"Carrau, Mr. Francisco M";"Male";0;0;"113059";"No"
"First";"Carrau, Mr. Jose Pedro";"Male";0;0;"113059";"No"
"First";"Carter, Master. William Thornton II";"Male";1;2;"113760";"Yes"
"First";"Carter, Miss. Lucile Polk";"Female";1;2;"113760";"Yes"
"First";"Carter, Mr. William Ernest";"Male";1;2;"113760";"Yes"
"First";"Carter, Mrs. William Ernest (Lucile Polk)";"Female";1;2;"113760";"Yes"
"First";"Case, Mr. Howard Brown";"Male";0;0;"19924";"No"
"First";"Cassebeer, Mrs. Henry Arthur Jr (Eleanor Genevieve Fosdick)";"Female";0;0;"17770";"Yes"
"First";"Cavendish, Mr. Tyrell William";"Male";1;0;"19877";"No"
"First";"Cavendish, Mrs. Tyrell William (Julia Florence Siegel)";"Female";1;0;"19877";"Yes"
"First";"Chaffee, Mr. Herbert Fuller";"Male";1;0;"W.E.P. 5734";"No"
"First";"Chaffee, Mrs. Herbert Fuller (Carrie Constance Toogood)";"Female";1;0;"W.E.P. 5734";"Yes"
"First";"Chambers, Mr. Norman Campbell";"Male";1;0;"113806";"Yes"
"First";"Chambers, Mrs. Norman Campbell (Bertha Griggs)";"Female";1;0;"113806";"Yes"
"First";"Chaudanson, Miss. Victorine";"Female";0;0;"PC 17608";"Yes"
"First";"Cherry, Miss. Gladys";"Female";0;0;"110152";"Yes"
"First";"Chevre, Mr. Paul Romaine";"Male";0;0;"PC 17594";"Yes"
"First";"Chibnall, Mrs. (Edith Martha Bowerman)";"Female";0;1;"113505";"Yes"
"First";"Chisholm, Mr. Roderick Robert Crispin";"Male";0;0;"112051";"No"
"First";"Clark, Mr. Walter Miller";"Male";1;0;"13508";"No"
"First";"Clark, Mrs. Walter Miller (Virginia McDowell)";"Female";1;0;"13508";"Yes"
"First";"Cleaver, Miss. Alice";"Female";0;0;"113781";"Yes"
"First";"Clifford, Mr. George Quincy";"Male";0;0;"110465";"No"
"First";"Colley, Mr. Edward Pomeroy";"Male";0;0;"5727";"No"
"First";"Compton, Miss. Sara Rebecca";"Female";1;1;"PC 17756";"Yes"
"First";"Compton, Mr. Alexander Taylor Jr";"Male";1;1;"PC 17756";"No"
"First";"Compton, Mrs. Alexander Taylor (Mary Eliza Ingersoll)";"Female";0;2;"PC 17756";"Yes"
"First";"Cornell, Mrs. Robert Clifford (Malvina Helen Lamson)";"Female";2;0;"11770";"Yes"
"First";"Crafton, Mr. John Bertram";"Male";0;0;"113791";"No"
"First";"Crosby, Capt. Edward Gifford";"Male";1;1;"WE/P 5735";"No"
"First";"Crosby, Miss. Harriet R";"Female";0;2;"WE/P 5735";"Yes"
"First";"Crosby, Mrs. Edward Gifford (Catherine Elizabeth Halstead)";"Female";1;1;"112901";"Yes"
"First";"Cumings, Mr. John Bradley";"Male";1;0;"PC 17599";"No"
"First";"Cumings, Mrs. John Bradley (Florence Briggs Thayer)";"Female";1;0;"PC 17599";"Yes"
"First";"Daly, Mr. Peter Denis ";"Male";0;0;"113055";"Yes"
"First";"Daniel, Mr. Robert Williams";"Male";0;0;"113804";"Yes"
"First";"Daniels, Miss. Sarah";"Female";0;0;"113781";"Yes"
"First";"Davidson, Mr. Thornton";"Male";1;0;"F.C. 12750";"No"
"First";"Davidson, Mrs. Thornton (Orian Hays)";"Female";1;2;"F.C. 12750";"Yes"
"First";"Dick, Mr. Albert Adrian";"Male";1;0;"17474";"Yes"
"First";"Dick, Mrs. Albert Adrian (Vera Gillespie)";"Female";1;0;"17474";"Yes"
"First";"Dodge, Dr. Washington";"Male";1;1;"33638";"Yes"
"First";"Dodge, Master. Washington";"Male";0;2;"33638";"Yes"
"First";"Dodge, Mrs. Washington (Ruth Vidaver)";"Female";1;1;"33638";"Yes"
"First";"Douglas, Mr. Walter Donald";"Male";1;0;"PC 17761";"No"
"First";"Douglas, Mrs. Frederick Charles (Mary Helene Baxter)";"Female";1;1;"PC 17558";"Yes"
"First";"Douglas, Mrs. Walter Donald (Mahala Dutton)";"Female";1;0;"PC 17761";"Yes"
"First";"Duff Gordon, Lady. (Lucille Christiana Sutherland) ('Mrs Morgan')";"Female";1;0;"11755";"Yes"
"First";"Duff Gordon, Sir. Cosmo Edmund ('Mr Morgan')";"Male";1;0;"PC 17485";"Yes"
"First";"Dulles, Mr. William Crothers";"Male";0;0;"PC 17580";"No"
"First";"Earnshaw, Mrs. Boulton (Olive Potter)";"Female";0;1;"11767";"Yes"
"First";"Endres, Miss. Caroline Louise";"Female";0;0;"PC 17757";"Yes"
"First";"Eustis, Miss. Elizabeth Mussey";"Female";1;0;"36947";"Yes"
"First";"Evans, Miss. Edith Corse";"Female";0;0;"PC 17531";"No"
"First";"Farthing, Mr. John";"Male";0;0;"PC 17483";"No"
"First";"Flegenheim, Mrs. Alfred (Antoinette)";"Female";0;0;"PC 17598";"Yes"
"First";"Fleming, Miss. Margaret";"Female";0;0;"17421";"Yes"
"First";"Flynn, Mr. John Irwin ('Irving')";"Male";0;0;"PC 17474";"Yes"
"First";"Foreman, Mr. Benjamin Laventall";"Male";0;0;"113051";"No"
"First";"Fortune, Miss. Alice Elizabeth";"Female";3;2;"19950";"Yes"
"First";"Fortune, Miss. Ethel Flora";"Female";3;2;"19950";"Yes"
"First";"Fortune, Miss. Mabel Helen";"Female";3;2;"19950";"Yes"
"First";"Fortune, Mr. Charles Alexander";"Male";3;2;"19950";"No"
"First";"Fortune, Mr. Mark";"Male";1;4;"19950";"No"
"First";"Fortune, Mrs. Mark (Mary McDougald)";"Female";1;4;"19950";"Yes"
"First";"Francatelli, Miss. Laura Mabel";"Female";0;0;"PC 17485";"Yes"
"First";"Franklin, Mr. Thomas Parham";"Male";0;0;"113778";"No"
"First";"Frauenthal, Dr. Henry William";"Male";2;0;"PC 17611";"Yes"
"First";"Frauenthal, Mr. Isaac Gerald";"Male";1;0;"17765";"Yes"
"First";"Frauenthal, Mrs. Henry William (Clara Heinsheimer)";"Female";1;0;"PC 17611";"Yes"
"First";"Frolicher, Miss. Hedwig Margaritha";"Female";0;2;"13568";"Yes"
"First";"Frolicher-Stehli, Mr. Maxmillian";"Male";1;1;"13567";"Yes"
"First";"Frolicher-Stehli, Mrs. Maxmillian (Margaretha Emerentia Stehli)";"Female";1;1;"13567";"Yes"
"First";"Fry, Mr. Richard";"Male";0;0;"112058";"No"
"First";"Futrelle, Mr. Jacques Heath";"Male";1;0;"113803";"No"
"First";"Futrelle, Mrs. Jacques Heath (Lily May Peel)";"Female";1;0;"113803";"Yes"
"First";"Gee, Mr. Arthur H";"Male";0;0;"111320";"No"
"First";"Geiger, Miss. Amalie";"Female";0;0;"113503";"Yes"
"First";"Gibson, Miss. Dorothy Winifred";"Female";0;1;"112378";"Yes"
"First";"Gibson, Mrs. Leonard (Pauline C Boeson)";"Female";0;1;"112378";"Yes"
"First";"Giglio, Mr. Victor";"Male";0;0;"PC 17593";"No"
"First";"Goldenberg, Mr. Samuel L";"Male";1;0;"17453";"Yes"
"First";"Goldenberg, Mrs. Samuel L (Edwiga Grabowska)";"Female";1;0;"17453";"Yes"
"First";"Goldschmidt, Mr. George B";"Male";0;0;"PC 17754";"No"
"First";"Gracie, Col. Archibald IV";"Male";0;0;"113780";"Yes"
"First";"Graham, Miss. Margaret Edith";"Female";0;0;"112053";"Yes"
"First";"Graham, Mr. George Edward";"Male";0;1;"PC 17582";"No"
"First";"Graham, Mrs. William Thompson (Edith Junkins)";"Female";0;1;"PC 17582";"Yes"
"First";"Greenfield, Mr. William Bertram";"Male";0;1;"PC 17759";"Yes"
"First";"Greenfield, Mrs. Leo David (Blanche Strouse)";"Female";0;1;"PC 17759";"Yes"
"First";"Guggenheim, Mr. Benjamin";"Male";0;0;"PC 17593";"No"
"First";"Harder, Mr. George Achilles";"Male";1;0;"11765";"Yes"
"First";"Harder, Mrs. George Achilles (Dorothy Annan)";"Female";1;0;"11765";"Yes"
"First";"Harper, Mr. Henry Sleeper";"Male";1;0;"PC 17572";"Yes"
"First";"Harper, Mrs. Henry Sleeper (Myna Haxtun)";"Female";1;0;"PC 17572";"Yes"
"First";"Harrington, Mr. Charles H";"Male";0;0;"113796";"No"
"First";"Harris, Mr. Henry Birkhardt";"Male";1;0;"36973";"No"
"First";"Harris, Mrs. Henry Birkhardt (Irene Wallach)";"Female";1;0;"36973";"Yes"
"First";"Harrison, Mr. William";"Male";0;0;"112059";"No"
"First";"Hassab, Mr. Hammad";"Male";0;0;"PC 17572";"Yes"
"First";"Hawksford, Mr. Walter James";"Male";0;0;"16988";"Yes"
"First";"Hays, Miss. Margaret Bechstein";"Female";0;0;"11767";"Yes"
"First";"Hays, Mr. Charles Melville";"Male";1;1;"12749";"No"
"First";"Hays, Mrs. Charles Melville (Clara Jennings Gregg)";"Female";1;1;"12749";"Yes"
"First";"Head, Mr. Christopher";"Male";0;0;"113038";"No"
"First";"Hilliard, Mr. Herbert Henry";"Male";0;0;"17463";"No"
"First";"Hipkins, Mr. William Edward";"Male";0;0;"680";"No"
"First";"Hippach, Miss. Jean Gertrude";"Female";0;1;"111361";"Yes"
"First";"Hippach, Mrs. Louis Albert (Ida Sophia Fischer)";"Female";0;1;"111361";"Yes"
"First";"Hogeboom, Mrs. John C (Anna Andrews)";"Female";1;0;"13502";"Yes"
"First";"Holverson, Mr. Alexander Oskar";"Male";1;0;"113789";"No"
"First";"Holverson, Mrs. Alexander Oskar (Mary Aline Towner)";"Female";1;0;"113789";"Yes"
"First";"Homer, Mr. Harry ('Mr E Haven')";"Male";0;0;"111426";"Yes"
"First";"Hoyt, Mr. Frederick Maxfield";"Male";1;0;"19943";"Yes"
"First";"Hoyt, Mr. William Fisher";"Male";0;0;"PC 17600";"No"
"First";"Hoyt, Mrs. Frederick Maxfield (Jane Anne Forby)";"Female";1;0;"19943";"Yes"
"First";"Icard, Miss. Amelie";"Female";0;0;"113572";"Yes"
"First";"Isham, Miss. Ann Elizabeth";"Female";0;0;"PC 17595";"No"
"First";"Ismay, Mr. Joseph Bruce";"Male";0;0;"112058";"Yes"
"First";"Jones, Mr. Charles Cresson";"Male";0;0;"694";"No"
"First";"Julian, Mr. Henry Forbes";"Male";0;0;"113044";"No"
"First";"Keeping, Mr. Edwin";"Male";0;0;"113503";"No"
"First";"Kent, Mr. Edward Austin";"Male";0;0;"11771";"No"
"First";"Kenyon, Mr. Frederick R";"Male";1;0;"17464";"No"
"First";"Kenyon, Mrs. Frederick R (Marion)";"Female";1;0;"17464";"Yes"
"First";"Kimball, Mr. Edwin Nelson Jr";"Male";1;0;"11753";"Yes"
"First";"Kimball, Mrs. Edwin Nelson Jr (Gertrude Parsons)";"Female";1;0;"11753";"Yes"
"First";"Klaber, Mr. Herman";"Male";0;0;"113028";"No"
"First";"Kreuchen, Miss. Emilie";"Female";0;0;"24160";"Yes"
"First";"Leader, Dr. Alice (Farnham)";"Female";0;0;"17465";"Yes"
"First";"LeRoy, Miss. Bertha";"Female";0;0;"PC 17761";"Yes"
"First";"Lesurer, Mr. Gustave J";"Male";0;0;"PC 17755";"Yes"
"First";"Lewy, Mr. Ervin G";"Male";0;0;"PC 17612";"No"
"First";"Lindeberg-Lind, Mr. Erik Gustaf ('Mr Edward Lingrey')";"Male";0;0;"17475";"No"
"First";"Lindstrom, Mrs. Carl Johan (Sigrid Posse)";"Female";0;0;"112377";"Yes"
"First";"Lines, Miss. Mary Conover";"Female";0;1;"PC 17592";"Yes"
"First";"Lines, Mrs. Ernest H (Elizabeth Lindsey James)";"Female";0;1;"PC 17592";"Yes"
"First";"Long, Mr. Milton Clyde";"Male";0;0;"113501";"No"
"First";"Longley, Miss. Gretchen Fiske";"Female";0;0;"13502";"Yes"
"First";"Loring, Mr. Joseph Holland";"Male";0;0;"113801";"No"
"First";"Lurette, Miss. Elise";"Female";0;0;"PC 17569";"Yes"
"First";"Madill, Miss. Georgette Alexandra";"Female";0;1;"24160";"Yes"
"First";"Maguire, Mr. John Edward";"Male";0;0;"110469";"No"
"First";"Maioni, Miss. Roberta";"Female";0;0;"110152";"Yes"
"First";"Marechal, Mr. Pierre";"Male";0;0;"11774";"Yes"
"First";"Marvin, Mr. Daniel Warner";"Male";1;0;"113773";"No"
"First";"Marvin, Mrs. Daniel Warner (Mary Graham Carmichael Farquarson)";"Female";1;0;"113773";"Yes"
"First";"Mayne, Mlle. Berthe Antonine ('Mrs de Villiers')";"Female";0;0;"PC 17482";"Yes"
"First";"McCaffry, Mr. Thomas Francis";"Male";0;0;"13050";"No"
"First";"McCarthy, Mr. Timothy J";"Male";0;0;"17463";"No"
"First";"McGough, Mr. James Robert";"Male";0;0;"PC 17473";"Yes"
"First";"Meyer, Mr. Edgar Joseph";"Male";1;0;"PC 17604";"No"
"First";"Meyer, Mrs. Edgar Joseph (Leila Saks)";"Female";1;0;"PC 17604";"Yes"
"First";"Millet, Mr. Francis Davis";"Male";0;0;"13509";"No"
"First";"Minahan, Dr. William Edward";"Male";2;0;"19928";"No"
"First";"Minahan, Miss. Daisy E";"Female";1;0;"19928";"Yes"
"First";"Minahan, Mrs. William Edward (Lillian E Thorpe)";"Female";1;0;"19928";"Yes"
"First";"Mock, Mr. Philipp Edmund";"Male";1;0;"13236";"Yes"
"First";"Molson, Mr. Harry Markland";"Male";0;0;"113787";"No"
"First";"Moore, Mr. Clarence Bloomfield";"Male";0;0;"113796";"No"
"First";"Natsch, Mr. Charles H";"Male";0;1;"PC 17596";"No"
"First";"Newell, Miss. Madeleine";"Female";1;0;"35273";"Yes"
"First";"Newell, Miss. Marjorie";"Female";1;0;"35273";"Yes"
"First";"Newell, Mr. Arthur Webster";"Male";0;2;"35273";"No"
"First";"Newsom, Miss. Helen Monypeny";"Female";0;2;"11752";"Yes"
"First";"Nicholson, Mr. Arthur Ernest";"Male";0;0;"693";"No"
"First";"Oliva y Ocana, Dona. Fermina";"Female";0;0;"PC 17758";"Yes"
"First";"Omont, Mr. Alfred Fernand";"Male";0;0;"F.C. 12998";"Yes"
"First";"Ostby, Miss. Helene Ragnhild";"Female";0;1;"113509";"Yes"
"First";"Ostby, Mr. Engelhart Cornelius";"Male";0;1;"113509";"No"
"First";"Ovies y Rodriguez, Mr. Servando";"Male";0;0;"PC 17562";"No"
"First";"Parr, Mr. William Henry Marsh";"Male";0;0;"112052";"No"
"First";"Partner, Mr. Austen";"Male";0;0;"113043";"No"
"First";"Payne, Mr. Vivian Ponsonby";"Male";0;0;"12749";"No"
"First";"Pears, Mr. Thomas Clinton";"Male";1;0;"113776";"No"
"First";"Pears, Mrs. Thomas (Edith Wearne)";"Female";1;0;"113776";"Yes"
"First";"Penasco y Castellana, Mr. Victor de Satode";"Male";1;0;"PC 17758";"No"
"First";"Penasco y Castellana, Mrs. Victor de Satode (Maria Josefa Perez de Soto y Vallejo)";"Female";1;0;"PC 17758";"Yes"
"First";"Perreault, Miss. Anne";"Female";0;0;"12749";"Yes"
"First";"Peuchen, Major. Arthur Godfrey";"Male";0;0;"113786";"Yes"
"First";"Porter, Mr. Walter Chamberlain";"Male";0;0;"110465";"No"
"First";"Potter, Mrs. Thomas Jr (Lily Alexenia Wilson)";"Female";0;1;"11767";"Yes"
"First";"Reuchlin, Jonkheer. John George";"Male";0;0;"19972";"No"
"First";"Rheims, Mr. George Alexander Lucien";"Male";0;0;"PC 17607";"Yes"
"First";"Ringhini, Mr. Sante";"Male";0;0;"PC 17760";"No"
"First";"Robbins, Mr. Victor";"Male";0;0;"PC 17757";"No"
"First";"Robert, Mrs. Edward Scott (Elisabeth Walton McMillan)";"Female";0;1;"24160";"Yes"
"First";"Roebling, Mr. Washington Augustus II";"Male";0;0;"PC 17590";"No"
"First";"Romaine, Mr. Charles Hallace ('Mr C Rolmane')";"Male";0;0;"111428";"Yes"
"First";"Rood, Mr. Hugh Roscoe";"Male";0;0;"113767";"No"
"First";"Rosenbaum, Miss. Edith Louise";"Female";0;0;"PC 17613";"Yes"
"First";"Rosenshine, Mr. George ('Mr George Thorne')";"Male";0;0;"PC 17585";"No"
"First";"Ross, Mr. John Hugo";"Male";0;0;"13049";"No"
"First";"Rothes, the Countess. of (Lucy Noel Martha Dyer-Edwards)";"Female";0;0;"110152";"Yes"
"First";"Rothschild, Mr. Martin";"Male";1;0;"PC 17603";"No"
"First";"Rothschild, Mrs. Martin (Elizabeth L. Barrett)";"Female";1;0;"PC 17603";"Yes"
"First";"Rowe, Mr. Alfred G";"Male";0;0;"113790";"No"
"First";"Ryerson, Master. John Borie";"Male";2;2;"PC 17608";"Yes"
"First";"Ryerson, Miss. Emily Borie";"Female";2;2;"PC 17608";"Yes"
"First";"Ryerson, Miss. Susan Parker 'Suzette'";"Female";2;2;"PC 17608";"Yes"
"First";"Ryerson, Mr. Arthur Larned";"Male";1;3;"PC 17608";"No"
"First";"Ryerson, Mrs. Arthur Larned (Emily Maria Borie)";"Female";1;3;"PC 17608";"Yes"
"First";"Saalfeld, Mr. Adolphe";"Male";0;0;"19988";"Yes"
"First";"Sagesser, Mlle. Emma";"Female";0;0;"PC 17477";"Yes"
"First";"Salomon, Mr. Abraham L";"Male";0;0;"111163";"Yes"
"First";"Schabert, Mrs. Paul (Emma Mock)";"Female";1;0;"13236";"Yes"
"First";"Serepeca, Miss. Augusta";"Female";0;0;"113798";"Yes"
"First";"Seward, Mr. Frederic Kimber";"Male";0;0;"113794";"Yes"
"First";"Shutes, Miss. Elizabeth W";"Female";0;0;"PC 17582";"Yes"
"First";"Silverthorne, Mr. Spencer Victor";"Male";0;0;"PC 17475";"Yes"
"First";"Silvey, Mr. William Baird";"Male";1;0;"13507";"No"
"First";"Silvey, Mrs. William Baird (Alice Munger)";"Female";1;0;"13507";"Yes"
"First";"Simonius-Blumer, Col. Oberst Alfons";"Male";0;0;"13213";"Yes"
"First";"Sloper, Mr. William Thompson";"Male";0;0;"113788";"Yes"
"First";"Smart, Mr. John Montgomery";"Male";0;0;"113792";"No"
"First";"Smith, Mr. James Clinch";"Male";0;0;"17764";"No"
"First";"Smith, Mr. Lucien Philip";"Male";1;0;"13695";"No"
"First";"Smith, Mr. Richard William";"Male";0;0;"113056";"No"
"First";"Smith, Mrs. Lucien Philip (Mary Eloise Hughes)";"Female";1;0;"13695";"Yes"
"First";"Snyder, Mr. John Pillsbury";"Male";1;0;"21228";"Yes"
"First";"Snyder, Mrs. John Pillsbury (Nelle Stevenson)";"Female";1;0;"21228";"Yes"
"First";"Spedden, Master. Robert Douglas";"Male";0;2;"16966";"Yes"
"First";"Spedden, Mr. Frederic Oakley";"Male";1;1;"16966";"Yes"
"First";"Spedden, Mrs. Frederic Oakley (Margaretta Corning Stone)";"Female";1;1;"16966";"Yes"
"First";"Spencer, Mr. William Augustus";"Male";1;0;"PC 17569";"No"
"First";"Spencer, Mrs. William Augustus (Marie Eugenie)";"Female";1;0;"PC 17569";"Yes"
"First";"Stahelin-Maeglin, Dr. Max";"Male";0;0;"13214";"Yes"
"First";"Stead, Mr. William Thomas";"Male";0;0;"113514";"No"
"First";"Stengel, Mr. Charles Emil Henry";"Male";1;0;"11778";"Yes"
"First";"Stengel, Mrs. Charles Emil Henry (Annie May Morris)";"Female";1;0;"11778";"Yes"
"First";"Stephenson, Mrs. Walter Bertram (Martha Eustis)";"Female";1;0;"36947";"Yes"
"First";"Stewart, Mr. Albert A";"Male";0;0;"PC 17605";"No"
"First";"Stone, Mrs. George Nelson (Martha Evelyn)";"Female";0;0;"113572";"Yes"
"First";"Straus, Mr. Isidor";"Male";1;0;"PC 17483";"No"
"First";"Straus, Mrs. Isidor (Rosalie Ida Blun)";"Female";1;0;"PC 17483";"No"
"First";"Sutton, Mr. Frederick";"Male";0;0;"36963";"No"
"First";"Swift, Mrs. Frederick Joel (Margaret Welles Barron)";"Female";0;0;"17466";"Yes"
"First";"Taussig, Miss. Ruth";"Female";0;2;"110413";"Yes"
"First";"Taussig, Mr. Emil";"Male";1;1;"110413";"No"
"First";"Taussig, Mrs. Emil (Tillie Mandelbaum)";"Female";1;1;"110413";"Yes"
"First";"Taylor, Mr. Elmer Zebley";"Male";1;0;"19996";"Yes"
"First";"Taylor, Mrs. Elmer Zebley (Juliet Cummins Wright)";"Female";1;0;"19996";"Yes"
"First";"Thayer, Mr. John Borland";"Male";1;1;"17421";"No"
"First";"Thayer, Mr. John Borland Jr";"Male";0;2;"17421";"Yes"
"First";"Thayer, Mrs. John Borland (Marian Longstreth Morris)";"Female";1;1;"17421";"Yes"
"First";"Thorne, Mrs. Gertrude Maybelle";"Female";0;0;"PC 17585";"Yes"
"First";"Tucker, Mr. Gilbert Milligan Jr";"Male";0;0;"2543";"Yes"
"First";"Uruchurtu, Don. Manuel E";"Male";0;0;"PC 17601";"No"
"First";"Van der hoef, Mr. Wyckoff";"Male";0;0;"111240";"No"
"First";"Walker, Mr. William Anderson";"Male";0;0;"36967";"No"
"First";"Ward, Miss. Anna";"Female";0;0;"PC 17755";"Yes"
"First";"Warren, Mr. Frank Manley";"Male";1;0;"110813";"No"
"First";"Warren, Mrs. Frank Manley (Anna Sophia Atkinson)";"Female";1;0;"110813";"Yes"
"First";"Weir, Col. John";"Male";0;0;"113800";"No"
"First";"White, Mr. Percival Wayland";"Male";0;1;"35281";"No"
"First";"White, Mr. Richard Frasar";"Male";0;1;"35281";"No"
"First";"White, Mrs. John Stuart (Ella Holmes)";"Female";0;0;"PC 17760";"Yes"
"First";"Wick, Miss. Mary Natalie";"Female";0;2;"36928";"Yes"
"First";"Wick, Mr. George Dennick";"Male";1;1;"36928";"No"
"First";"Wick, Mrs. George Dennick (Mary Hitchcock)";"Female";1;1;"36928";"Yes"
"First";"Widener, Mr. George Dunton";"Male";1;1;"113503";"No"
"First";"Widener, Mr. Harry Elkins";"Male";0;2;"113503";"No"
"First";"Widener, Mrs. George Dunton (Eleanor Elkins)";"Female";1;1;"113503";"Yes"
"First";"Willard, Miss. Constance";"Female";0;0;"113795";"Yes"
"First";"Williams, Mr. Charles Duane";"Male";0;1;"PC 17597";"No"
"First";"Williams, Mr. Richard Norris II";"Male";0;1;"PC 17597";"Yes"
"First";"Williams-Lambert, Mr. Fletcher Fellows";"Male";0;0;"113510";"No"
"First";"Wilson, Miss. Helen Alice";"Female";0;0;"16966";"Yes"
"First";"Woolner, Mr. Hugh";"Male";0;0;"19947";"Yes"
"First";"Wright, Mr. George";"Male";0;0;"113807";"No"
"First";"Young, Miss. Marie Grice";"Female";0;0;"PC 17760";"Yes"
"Second";"Abelson, Mr. Samuel";"Male";1;0;"P/PP 3381";"No"
"Second";"Abelson, Mrs. Samuel (Hannah Wizosky)";"Female";1;0;"P/PP 3381";"Yes"
"Second";"Aldworth, Mr. Charles Augustus";"Male";0;0;"248744";"No"
"Second";"Andrew, Mr. Edgardo Samuel";"Male";0;0;"231945";"No"
"Second";"Andrew, Mr. Frank Thomas";"Male";0;0;"C.A. 34050";"No"
"Second";"Angle, Mr. William A";"Male";1;0;"226875";"No"
"Second";"Angle, Mrs. William A (Florence 'Mary' Agnes Hughes)";"Female";1;0;"226875";"Yes"
"Second";"Ashby, Mr. John";"Male";0;0;"244346";"No"
"Second";"Bailey, Mr. Percy Andrew";"Male";0;0;"29108";"No"
"Second";"Baimbrigge, Mr. Charles Robert";"Male";0;0;"C.A. 31030";"No"
"Second";"Ball, Mrs. (Ada E Hall)";"Female";0;0;"28551";"Yes"
"Second";"Banfield, Mr. Frederick James";"Male";0;0;"C.A./SOTON 34068";"No"
"Second";"Bateman, Rev. Robert James";"Male";0;0;"S.O.P. 1166";"No"
"Second";"Beane, Mr. Edward";"Male";1;0;"2908";"Yes"
"Second";"Beane, Mrs. Edward (Ethel Clarke)";"Female";1;0;"2908";"Yes"
"Second";"Beauchamp, Mr. Henry James";"Male";0;0;"244358";"No"
"Second";"Becker, Master. Richard F";"Male";2;1;"230136";"Yes"
"Second";"Becker, Miss. Marion Louise";"Female";2;1;"230136";"Yes"
"Second";"Becker, Miss. Ruth Elizabeth";"Female";2;1;"230136";"Yes"
"Second";"Becker, Mrs. Allen Oliver (Nellie E Baumgardner)";"Female";0;3;"230136";"Yes"
"Second";"Beesley, Mr. Lawrence";"Male";0;0;"248698";"Yes"
"Second";"Bentham, Miss. Lilian W";"Female";0;0;"28404";"Yes"
"Second";"Berriman, Mr. William John";"Male";0;0;"28425";"No"
"Second";"Botsford, Mr. William Hull";"Male";0;0;"237670";"No"
"Second";"Bowenur, Mr. Solomon";"Male";0;0;"211535";"No"
"Second";"Bracken, Mr. James H";"Male";0;0;"220367";"No"
"Second";"Brown, Miss. Amelia 'Mildred'";"Female";0;0;"248733";"Yes"
"Second";"Brown, Miss. Edith Eileen";"Female";0;2;"29750";"Yes"
"Second";"Brown, Mr. Thomas William Solomon";"Male";1;1;"29750";"No"
"Second";"Brown, Mrs. Thomas William Solomon (Elizabeth Catherine Ford)";"Female";1;1;"29750";"Yes"
"Second";"Bryhl, Miss. Dagmar Jenny Ingeborg ";"Female";1;0;"236853";"Yes"
"Second";"Bryhl, Mr. Kurt Arnold Gottfrid";"Male";1;0;"236853";"No"
"Second";"Buss, Miss. Kate";"Female";0;0;"27849";"Yes"
"Second";"Butler, Mr. Reginald Fenton";"Male";0;0;"234686";"No"
"Second";"Byles, Rev. Thomas Roussel Davids";"Male";0;0;"244310";"No"
"Second";"Bystrom, Mrs. (Karolina)";"Female";0;0;"236852";"Yes"
"Second";"Caldwell, Master. Alden Gates";"Male";0;2;"248738";"Yes"
"Second";"Caldwell, Mr. Albert Francis";"Male";1;1;"248738";"Yes"
"Second";"Caldwell, Mrs. Albert Francis (Sylvia Mae Harbaugh)";"Female";1;1;"248738";"Yes"
"Second";"Cameron, Miss. Clear Annie";"Female";0;0;"F.C.C. 13528";"Yes"
"Second";"Campbell, Mr. William";"Male";0;0;"239853";"No"
"Second";"Carbines, Mr. William";"Male";0;0;"28424";"No"
"Second";"Carter, Mrs. Ernest Courtenay (Lilian Hughes)";"Female";1;0;"244252";"No"
"Second";"Carter, Rev. Ernest Courtenay";"Male";1;0;"244252";"No"
"Second";"Chapman, Mr. Charles Henry";"Male";0;0;"248731";"No"
"Second";"Chapman, Mr. John Henry";"Male";1;0;"SC/AH 29037";"No"
"Second";"Chapman, Mrs. John Henry (Sara Elizabeth Lawry)";"Female";1;0;"SC/AH 29037";"No"
"Second";"Christy, Miss. Julie Rachel";"Female";1;1;"237789";"Yes"
"Second";"Christy, Mrs. (Alice Frances)";"Female";0;2;"237789";"Yes"
"Second";"Clarke, Mr. Charles Valentine";"Male";1;0;"2003";"No"
"Second";"Clarke, Mrs. Charles V (Ada Maria Winfield)";"Female";1;0;"2003";"Yes"
"Second";"Coleridge, Mr. Reginald Charles";"Male";0;0;"W./C. 14263";"No"
"Second";"Collander, Mr. Erik Gustaf";"Male";0;0;"248740";"No"
"Second";"Collett, Mr. Sidney C Stuart";"Male";0;0;"28034";"Yes"
"Second";"Collyer, Miss. Marjorie 'Lottie'";"Female";0;2;"C.A. 31921";"Yes"
"Second";"Collyer, Mr. Harvey";"Male";1;1;"C.A. 31921";"No"
"Second";"Collyer, Mrs. Harvey (Charlotte Annie Tate)";"Female";1;1;"C.A. 31921";"Yes"
"Second";"Cook, Mrs. (Selena Rogers)";"Female";0;0;"W./C. 14266";"Yes"
"Second";"Corbett, Mrs. Walter H (Irene Colvin)";"Female";0;0;"237249";"No"
"Second";"Corey, Mrs. Percy C (Mary Phyllis Elizabeth Miller)";"Female";0;0;"F.C.C. 13534";"No"
"Second";"Cotterill, Mr. Henry 'Harry'";"Male";0;0;"29107";"No"
"Second";"Cunningham, Mr. Alfred Fleming";"Male";0;0;"239853";"No"
"Second";"Davies, Master. John Morgan Jr";"Male";1;1;"C.A. 33112";"Yes"
"Second";"Davies, Mr. Charles Henry";"Male";0;0;"S.O.C. 14879";"No"
"Second";"Davies, Mrs. John Morgan (Elizabeth Agnes Mary White) ";"Female";0;2;"C.A. 33112";"Yes"
"Second";"Davis, Miss. Mary";"Female";0;0;"237668";"Yes"
"Second";"de Brito, Mr. Jose Joaquim";"Male";0;0;"244360";"No"
"Second";"Deacon, Mr. Percy William";"Male";0;0;"S.O.C. 14879";"No"
"Second";"del Carlo, Mr. Sebastiano";"Male";1;0;"SC/PARIS 2167";"No"
"Second";"del Carlo, Mrs. Sebastiano (Argenia Genovesi)";"Female";1;0;"SC/PARIS 2167";"Yes"
"Second";"Denbury, Mr. Herbert";"Male";0;0;"C.A. 31029";"No"
"Second";"Dibden, Mr. William";"Male";0;0;"S.O.C. 14879";"No"
"Second";"Doling, Miss. Elsie";"Female";0;1;"231919";"Yes"
"Second";"Doling, Mrs. John T (Ada Julia Bone)";"Female";0;1;"231919";"Yes"
"Second";"Downton, Mr. William James";"Male";0;0;"28403";"No"
"Second";"Drew, Master. Marshall Brines";"Male";0;2;"28220";"Yes"
"Second";"Drew, Mr. James Vivian";"Male";1;1;"28220";"No"
"Second";"Drew, Mrs. James Vivian (Lulu Thorne Christian)";"Female";1;1;"28220";"Yes"
"Second";"Duran y More, Miss. Asuncion";"Female";1;0;"SC/PARIS 2149";"Yes"
"Second";"Duran y More, Miss. Florentina";"Female";1;0;"SC/PARIS 2148";"Yes"
"Second";"Eitemiller, Mr. George Floyd";"Male";0;0;"29751";"No"
"Second";"Enander, Mr. Ingvar";"Male";0;0;"236854";"No"
"Second";"Fahlstrom, Mr. Arne Jonas";"Male";0;0;"236171";"No"
"Second";"Faunthorpe, Mr. Harry";"Male";1;0;"2926";"No"
"Second";"Faunthorpe, Mrs. Lizzie (Elizabeth Anne Wilkinson)";"Female";1;0;"2926";"Yes"
"Second";"Fillbrook, Mr. Joseph Charles";"Male";0;0;"C.A. 15185";"No"
"Second";"Fox, Mr. Stanley Hubert";"Male";0;0;"229236";"No"
"Second";"Frost, Mr. Anthony Wood 'Archie'";"Male";0;0;"239854";"No"
"Second";"Funk, Miss. Annie Clemmer";"Female";0;0;"237671";"No"
"Second";"Fynney, Mr. Joseph J";"Male";0;0;"239865";"No"
"Second";"Gale, Mr. Harry";"Male";1;0;"28664";"No"
"Second";"Gale, Mr. Shadrach";"Male";1;0;"28664";"No"
"Second";"Garside, Miss. Ethel";"Female";0;0;"243880";"Yes"
"Second";"Gaskell, Mr. Alfred";"Male";0;0;"239865";"No"
"Second";"Gavey, Mr. Lawrence";"Male";0;0;"31028";"No"
"Second";"Gilbert, Mr. William";"Male";0;0;"C.A. 30769";"No"
"Second";"Giles, Mr. Edgar";"Male";1;0;"28133";"No"
"Second";"Giles, Mr. Frederick Edward";"Male";1;0;"28134";"No"
"Second";"Giles, Mr. Ralph";"Male";0;0;"248726";"No"
"Second";"Gill, Mr. John William";"Male";0;0;"233866";"No"
"Second";"Gillespie, Mr. William Henry";"Male";0;0;"12233";"No"
"Second";"Givard, Mr. Hans Kristensen";"Male";0;0;"250646";"No"
"Second";"Greenberg, Mr. Samuel";"Male";0;0;"250647";"No"
"Second";"Hale, Mr. Reginald";"Male";0;0;"250653";"No"
"Second";"Hamalainen, Master. Viljo";"Male";1;1;"250649";"Yes"
"Second";"Hamalainen, Mrs. William (Anna)";"Female";0;2;"250649";"Yes"
"Second";"Harbeck, Mr. William H";"Male";0;0;"248746";"No"
"Second";"Harper, Miss. Annie Jessie 'Nina'";"Female";0;1;"248727";"Yes"
"Second";"Harper, Rev. John";"Male";0;1;"248727";"No"
"Second";"Harris, Mr. George";"Male";0;0;"S.W./PP 752";"Yes"
"Second";"Harris, Mr. Walter";"Male";0;0;"W/C 14208";"No"
"Second";"Hart, Miss. Eva Miriam";"Female";0;2;"F.C.C. 13529";"Yes"
"Second";"Hart, Mr. Benjamin";"Male";1;1;"F.C.C. 13529";"No"
"Second";"Hart, Mrs. Benjamin (Esther Ada Bloomfield)";"Female";1;1;"F.C.C. 13529";"Yes"
"Second";"Herman, Miss. Alice";"Female";1;2;"220845";"Yes"
"Second";"Herman, Miss. Kate";"Female";1;2;"220845";"Yes"
"Second";"Herman, Mr. Samuel";"Male";1;2;"220845";"No"
"Second";"Herman, Mrs. Samuel (Jane Laver)";"Female";1;2;"220845";"Yes"
"Second";"Hewlett, Mrs. (Mary D Kingcome) ";"Female";0;0;"248706";"Yes"
"Second";"Hickman, Mr. Leonard Mark";"Male";2;0;"S.O.C. 14879";"No"
"Second";"Hickman, Mr. Lewis";"Male";2;0;"S.O.C. 14879";"No"
"Second";"Hickman, Mr. Stanley George";"Male";2;0;"S.O.C. 14879";"No"
"Second";"Hiltunen, Miss. Marta";"Female";1;1;"250650";"No"
"Second";"Hocking, Miss. Ellen 'Nellie'";"Female";2;1;"29105";"Yes"
"Second";"Hocking, Mr. Richard George";"Male";2;1;"29104";"No"
"Second";"Hocking, Mr. Samuel James Metcalfe";"Male";0;0;"242963";"No"
"Second";"Hocking, Mrs. Elizabeth (Eliza Needs)";"Female";1;3;"29105";"Yes"
"Second";"Hodges, Mr. Henry Price";"Male";0;0;"250643";"No"
"Second";"Hold, Mr. Stephen";"Male";1;0;"26707";"No"
"Second";"Hold, Mrs. Stephen (Annie Margaret Hill)";"Female";1;0;"26707";"Yes"
"Second";"Hood, Mr. Ambrose Jr";"Male";0;0;"S.O.C. 14879";"No"
"Second";"Hosono, Mr. Masabumi";"Male";0;0;"237798";"Yes"
"Second";"Howard, Mr. Benjamin";"Male";1;0;"24065";"No"
"Second";"Howard, Mrs. Benjamin (Ellen Truelove Arman)";"Female";1;0;"24065";"No"
"Second";"Hunt, Mr. George Henry";"Male";0;0;"SCO/W 1585";"No"
"Second";"Ilett, Miss. Bertha";"Female";0;0;"SO/C 14885";"Yes"
"Second";"Jacobsohn, Mr. Sidney Samuel";"Male";1;0;"243847";"No"
"Second";"Jacobsohn, Mrs. Sidney Samuel (Amy Frances Christy)";"Female";2;1;"243847";"Yes"
"Second";"Jarvis, Mr. John Denzil";"Male";0;0;"237565";"No"
"Second";"Jefferys, Mr. Clifford Thomas";"Male";2;0;"C.A. 31029";"No"
"Second";"Jefferys, Mr. Ernest Wilfred";"Male";2;0;"C.A. 31029";"No"
"Second";"Jenkin, Mr. Stephen Curnow";"Male";0;0;"C.A. 33111";"No"
"Second";"Jerwan, Mrs. Amin S (Marie Marthe Thuillard)";"Female";0;0;"SC/AH Basle 541";"Yes"
"Second";"Kantor, Mr. Sinai";"Male";1;0;"244367";"No"
"Second";"Kantor, Mrs. Sinai (Miriam Sternin)";"Female";1;0;"244367";"Yes"
"Second";"Karnes, Mrs. J Frank (Claire Bennett)";"Female";0;0;"F.C.C. 13534";"No"
"Second";"Keane, Miss. Nora A";"Female";0;0;"226593";"Yes"
"Second";"Keane, Mr. Daniel";"Male";0;0;"233734";"No"
"Second";"Kelly, Mrs. Florence 'Fannie'";"Female";0;0;"223596";"Yes"
"Second";"Kirkland, Rev. Charles Leonard";"Male";0;0;"219533";"No"
"Second";"Knight, Mr. Robert J";"Male";0;0;"239855";"No"
"Second";"Kvillner, Mr. Johan Henrik Johannesson";"Male";0;0;"C.A. 18723";"No"
"Second";"Lahtinen, Mrs. William (Anna Sylfven)";"Female";1;1;"250651";"No"
"Second";"Lahtinen, Rev. William";"Male";1;1;"250651";"No"
"Second";"Lamb, Mr. John Joseph";"Male";0;0;"240261";"No"
"Second";"Laroche, Miss. Louise";"Female";1;2;"SC/Paris 2123";"Yes"
"Second";"Laroche, Miss. Simonne Marie Anne Andree";"Female";1;2;"SC/Paris 2123";"Yes"
"Second";"Laroche, Mr. Joseph Philippe Lemercier";"Male";1;2;"SC/Paris 2123";"No"
"Second";"Laroche, Mrs. Joseph (Juliette Marie Louise Lafargue)";"Female";1;2;"SC/Paris 2123";"Yes"
"Second";"Lehmann, Miss. Bertha";"Female";0;0;"SC 1748";"Yes"
"Second";"Leitch, Miss. Jessie Wills";"Female";0;0;"248727";"Yes"
"Second";"Lemore, Mrs. (Amelia Milley)";"Female";0;0;"C.A. 34260";"Yes"
"Second";"Levy, Mr. Rene Jacques";"Male";0;0;"SC/Paris 2163";"No"
"Second";"Leyson, Mr. Robert William Norman";"Male";0;0;"C.A. 29566";"No"
"Second";"Lingane, Mr. John";"Male";0;0;"235509";"No"
"Second";"Louch, Mr. Charles Alexander";"Male";1;0;"SC/AH 3085";"No"
"Second";"Louch, Mrs. Charles Alexander (Alice Adelaide Slow)";"Female";1;0;"SC/AH 3085";"Yes"
"Second";"Mack, Mrs. (Mary)";"Female";0;0;"S.O./P.P. 3";"No"
"Second";"Malachard, Mr. Noel";"Male";0;0;"237735";"No"
"Second";"Mallet, Master. Andre";"Male";0;2;"S.C./PARIS 2079";"Yes"
"Second";"Mallet, Mr. Albert";"Male";1;1;"S.C./PARIS 2079";"No"
"Second";"Mallet, Mrs. Albert (Antoinette Magnin)";"Female";1;1;"S.C./PARIS 2079";"Yes"
"Second";"Mangiavacchi, Mr. Serafino Emilio";"Male";0;0;"SC/A.3 2861";"No"
"Second";"Matthews, Mr. William John";"Male";0;0;"28228";"No"
"Second";"Maybery, Mr. Frank Hubert";"Male";0;0;"239059";"No"
"Second";"McCrae, Mr. Arthur Gordon";"Male";0;0;"237216";"No"
"Second";"McCrie, Mr. James Matthew";"Male";0;0;"233478";"No"
"Second";"McKane, Mr. Peter David";"Male";0;0;"28403";"No"
"Second";"Mellinger, Miss. Madeleine Violet";"Female";0;1;"250644";"Yes"
"Second";"Mellinger, Mrs. (Elizabeth Anne Maidment)";"Female";0;1;"250644";"Yes"
"Second";"Mellors, Mr. William John";"Male";0;0;"SW/PP 751";"Yes"
"Second";"Meyer, Mr. August";"Male";0;0;"248723";"No"
"Second";"Milling, Mr. Jacob Christian";"Male";0;0;"234360";"No"
"Second";"Mitchell, Mr. Henry Michael";"Male";0;0;"C.A. 24580";"No"
"Second";"Montvila, Rev. Juozas";"Male";0;0;"211536";"No"
"Second";"Moraweck, Dr. Ernest";"Male";0;0;"29011";"No"
"Second";"Morley, Mr. Henry Samuel ('Mr Henry Marshall')";"Male";0;0;"250655";"No"
"Second";"Mudd, Mr. Thomas Charles";"Male";0;0;"S.O./P.P. 3";"No"
"Second";"Myles, Mr. Thomas Francis";"Male";0;0;"240276";"No"
"Second";"Nasser, Mr. Nicholas";"Male";1;0;"237736";"No"
"Second";"Nasser, Mrs. Nicholas (Adele Achem)";"Female";1;0;"237736";"Yes"
"Second";"Navratil, Master. Edmond Roger";"Male";1;1;"230080";"Yes"
"Second";"Navratil, Master. Michel M";"Male";1;1;"230080";"Yes"
"Second";"Navratil, Mr. Michel ('Louis M Hoffman')";"Male";0;2;"230080";"No"
"Second";"Nesson, Mr. Israel";"Male";0;0;"244368";"No"
"Second";"Nicholls, Mr. Joseph Charles";"Male";1;1;"C.A. 33112";"No"
"Second";"Norman, Mr. Robert Douglas";"Male";0;0;"218629";"No"
"Second";"Nourney, Mr. Alfred ('Baron von Drachstedt')";"Male";0;0;"SC/PARIS 2166";"Yes"
"Second";"Nye, Mrs. (Elizabeth Ramell)";"Female";0;0;"C.A. 29395";"Yes"
"Second";"Otter, Mr. Richard";"Male";0;0;"28213";"No"
"Second";"Oxenham, Mr. Percy Thomas";"Male";0;0;"W./C. 14260";"Yes"
"Second";"Padro y Manent, Mr. Julian";"Male";0;0;"SC/PARIS 2146";"Yes"
"Second";"Pain, Dr. Alfred";"Male";0;0;"244278";"No"
"Second";"Pallas y Castello, Mr. Emilio";"Male";0;0;"SC/PARIS 2147";"Yes"
"Second";"Parker, Mr. Clifford Richard";"Male";0;0;"SC 14888";"No"
"Second";"Parkes, Mr. Francis 'Frank'";"Male";0;0;"239853";"No"
"Second";"Parrish, Mrs. (Lutie Davis)";"Female";0;1;"230433";"Yes"
"Second";"Pengelly, Mr. Frederick William";"Male";0;0;"28665";"No"
"Second";"Pernot, Mr. Rene";"Male";0;0;"SC/PARIS 2131";"No"
"Second";"Peruschitz, Rev. Joseph Maria";"Male";0;0;"237393";"No"
"Second";"Phillips, Miss. Alice Frances Louisa";"Female";0;1;"S.O./P.P. 2";"Yes"
"Second";"Phillips, Miss. Kate Florence ('Mrs Kate Louise Phillips Marshall')";"Female";0;0;"250655";"Yes"
"Second";"Phillips, Mr. Escott Robert";"Male";0;1;"S.O./P.P. 2";"No"
"Second";"Pinsky, Mrs. (Rosa)";"Female";0;0;"234604";"Yes"
"Second";"Ponesell, Mr. Martin";"Male";0;0;"250647";"No"
"Second";"Portaluppi, Mr. Emilio Ilario Giuseppe";"Male";0;0;"C.A. 34644";"Yes"
"Second";"Pulbaum, Mr. Franz";"Male";0;0;"SC/PARIS 2168";"No"
"Second";"Quick, Miss. Phyllis May";"Female";1;1;"26360";"Yes"
"Second";"Quick, Miss. Winifred Vera";"Female";1;1;"26360";"Yes"
"Second";"Quick, Mrs. Frederick Charles (Jane Richards)";"Female";0;2;"26360";"Yes"
"Second";"Reeves, Mr. David";"Male";0;0;"C.A. 17248";"No"
"Second";"Renouf, Mr. Peter Henry";"Male";1;0;"31027";"No"
"Second";"Renouf, Mrs. Peter Henry (Lillian Jefferys)";"Female";3;0;"31027";"Yes"
"Second";"Reynaldo, Ms. Encarnacion";"Female";0;0;"230434";"Yes"
"Second";"Richard, Mr. Emile";"Male";0;0;"SC/PARIS 2133";"No"
"Second";"Richards, Master. George Sibley";"Male";1;1;"29106";"Yes"
"Second";"Richards, Master. William Rowe";"Male";1;1;"29106";"Yes"
"Second";"Richards, Mrs. Sidney (Emily Hocking)";"Female";2;3;"29106";"Yes"
"Second";"Ridsdale, Miss. Lucy";"Female";0;0;"W./C. 14258";"Yes"
"Second";"Rogers, Mr. Reginald Harry";"Male";0;0;"28004";"No"
"Second";"Rugg, Miss. Emily";"Female";0;0;"C.A. 31026";"Yes"
"Second";"Schmidt, Mr. August";"Male";0;0;"248659";"No"
"Second";"Sedgwick, Mr. Charles Frederick Waddington";"Male";0;0;"244361";"No"
"Second";"Sharp, Mr. Percival James R";"Male";0;0;"244358";"No"
"Second";"Shelley, Mrs. William (Imanita Parrish Hall)";"Female";0;1;"230433";"Yes"
"Second";"Silven, Miss. Lyyli Karoliina";"Female";0;2;"250652";"Yes"
"Second";"Sincock, Miss. Maude";"Female";0;0;"C.A. 33112";"Yes"
"Second";"Sinkkonen, Miss. Anna";"Female";0;0;"250648";"Yes"
"Second";"Sjostedt, Mr. Ernst Adolf";"Male";0;0;"237442";"No"
"Second";"Slayter, Miss. Hilda Mary";"Female";0;0;"234818";"Yes"
"Second";"Slemen, Mr. Richard James";"Male";0;0;"28206";"No"
"Second";"Smith, Miss. Marion Elsie";"Female";0;0;"31418";"Yes"
"Second";"Sobey, Mr. Samuel James Hayden";"Male";0;0;"C.A. 29178";"No"
"Second";"Stanton, Mr. Samuel Ward";"Male";0;0;"237734";"No"
"Second";"Stokes, Mr. Philip Joseph";"Male";0;0;"F.C.C. 13540";"No"
"Second";"Swane, Mr. George";"Male";0;0;"248734";"No"
"Second";"Sweet, Mr. George Frederick";"Male";0;0;"220845";"No"
"Second";"Toomey, Miss. Ellen";"Female";0;0;"F.C.C. 13531";"Yes"
"Second";"Troupiansky, Mr. Moses Aaron";"Male";0;0;"233639";"No"
"Second";"Trout, Mrs. William H (Jessie L)";"Female";0;0;"240929";"Yes"
"Second";"Troutt, Miss. Edwina Celia 'Winnie'";"Female";0;0;"34218";"Yes"
"Second";"Turpin, Mr. William John Robert";"Male";1;0;"11668";"No"
"Second";"Turpin, Mrs. William John Robert (Dorothy Ann Wonnacott)";"Female";1;0;"11668";"No"
"Second";"Veal, Mr. James";"Male";0;0;"28221";"No"
"Second";"Walcroft, Miss. Nellie";"Female";0;0;"F.C.C. 13528";"Yes"
"Second";"Ware, Mr. John James";"Male";1;0;"CA 31352";"No"
"Second";"Ware, Mr. William Jeffery";"Male";1;0;"28666";"No"
"Second";"Ware, Mrs. John James (Florence Louise Long)";"Female";0;0;"CA 31352";"Yes"
"Second";"Watson, Mr. Ennis Hastings";"Male";0;0;"239856";"No"
"Second";"Watt, Miss. Bertha J";"Female";0;0;"C.A. 33595";"Yes"
"Second";"Watt, Mrs. James (Elizabeth 'Bessie' Inglis Milne)";"Female";0;0;"C.A. 33595";"Yes"
"Second";"Webber, Miss. Susan";"Female";0;0;"27267";"Yes"
"Second";"Weisz, Mr. Leopold";"Male";1;0;"228414";"No"
"Second";"Weisz, Mrs. Leopold (Mathilde Francoise Pede)";"Female";1;0;"228414";"Yes"
"Second";"Wells, Master. Ralph Lester";"Male";1;1;"29103";"Yes"
"Second";"Wells, Miss. Joan";"Female";1;1;"29103";"Yes"
"Second";"Wells, Mrs. Arthur Henry ('Addie' Dart Trevaskis)";"Female";0;2;"29103";"Yes"
"Second";"West, Miss. Barbara J";"Female";1;2;"C.A. 34651";"Yes"
"Second";"West, Miss. Constance Mirium";"Female";1;2;"C.A. 34651";"Yes"
"Second";"West, Mr. Edwy Arthur";"Male";1;2;"C.A. 34651";"No"
"Second";"West, Mrs. Edwy Arthur (Ada Mary Worth)";"Female";1;2;"C.A. 34651";"Yes"
"Second";"Wheadon, Mr. Edward H";"Male";0;0;"C.A. 24579";"No"
"Second";"Wheeler, Mr. Edwin 'Frederick'";"Male";0;0;"SC/PARIS 2159";"No"
"Second";"Wilhelms, Mr. Charles";"Male";0;0;"244270";"Yes"
"Second";"Williams, Mr. Charles Eugene";"Male";0;0;"244373";"Yes"
"Second";"Wright, Miss. Marion";"Female";0;0;"220844";"Yes"
"Second";"Yrois, Miss. Henriette ('Mrs Harbeck')";"Female";0;0;"248747";"No"
"Third";"Abbing, Mr. Anthony";"Male";0;0;"C.A. 5547";"No"
"Third";"Abbott, Master. Eugene Joseph";"Male";0;2;"C.A. 2673";"No"
"Third";"Abbott, Mr. Rossmore Edward";"Male";1;1;"C.A. 2673";"No"
"Third";"Abbott, Mrs. Stanton (Rosa Hunt)";"Female";1;1;"C.A. 2673";"Yes"
"Third";"Abelseth, Miss. Karen Marie";"Female";0;0;"348125";"Yes"
"Third";"Abelseth, Mr. Olaus Jorgensen";"Male";0;0;"348122";"Yes"
"Third";"Abrahamsson, Mr. Abraham August Johannes";"Male";0;0;"SOTON/O2 3101284";"Yes"
"Third";"Abrahim, Mrs. Joseph (Sophie Halaut Easu)";"Female";0;0;"2657";"Yes"
"Third";"Adahl, Mr. Mauritz Nils Martin";"Male";0;0;"C 7076";"No"
"Third";"Adams, Mr. John";"Male";0;0;"341826";"No"
"Third";"Ahlin, Mrs. Johan (Johanna Persdotter Larsson)";"Female";1;0;"7546";"No"
"Third";"Aks, Master. Philip Frank";"Male";0;1;"392091";"Yes"
"Third";"Aks, Mrs. Sam (Leah Rosen)";"Female";0;1;"392091";"Yes"
"Third";"Albimona, Mr. Nassef Cassem";"Male";0;0;"2699";"Yes"
"Third";"Alexander, Mr. William";"Male";0;0;"3474";"No"
"Third";"Alhomaki, Mr. Ilmari Rudolf";"Male";0;0;"SOTON/O2 3101287";"No"
"Third";"Ali, Mr. Ahmed";"Male";0;0;"SOTON/O.Q. 3101311";"No"
"Third";"Ali, Mr. William";"Male";0;0;"SOTON/O.Q. 3101312";"No"
"Third";"Allen, Mr. William Henry";"Male";0;0;"373450";"No"
"Third";"Allum, Mr. Owen George";"Male";0;0;"2223";"No"
"Third";"Andersen, Mr. Albert Karvin";"Male";0;0;"C 4001";"No"
"Third";"Andersen-Jensen, Miss. Carla Christine Nielsine";"Female";1;0;"350046";"Yes"
"Third";"Andersson, Master. Sigvard Harald Elias";"Male";4;2;"347082";"No"
"Third";"Andersson, Miss. Ebba Iris Alfrida";"Female";4;2;"347082";"No"
"Third";"Andersson, Miss. Ellis Anna Maria";"Female";4;2;"347082";"No"
"Third";"Andersson, Miss. Erna Alexandra";"Female";4;2;"3101281";"Yes"
"Third";"Andersson, Miss. Ida Augusta Margareta";"Female";4;2;"347091";"No"
"Third";"Andersson, Miss. Ingeborg Constanzia";"Female";4;2;"347082";"No"
"Third";"Andersson, Miss. Sigrid Elisabeth";"Female";4;2;"347082";"No"
"Third";"Andersson, Mr. Anders Johan";"Male";1;5;"347082";"No"
"Third";"Andersson, Mr. August Edvard ('Wennerstrom')";"Male";0;0;"350043";"Yes"
"Third";"Andersson, Mr. Johan Samuel";"Male";0;0;"347075";"No"
"Third";"Andersson, Mrs. Anders Johan (Alfrida Konstantia Brogren)";"Female";1;5;"347082";"No"
"Third";"Andreasson, Mr. Paul Edvin";"Male";0;0;"347466";"No"
"Third";"Angheloff, Mr. Minko";"Male";0;0;"349202";"No"
"Third";"Arnold-Franchi, Mr. Josef";"Male";1;0;"349237";"No"
"Third";"Arnold-Franchi, Mrs. Josef (Josefine Franchi)";"Female";1;0;"349237";"No"
"Third";"Aronsson, Mr. Ernst Axel Algot";"Male";0;0;"349911";"No"
"Third";"Asim, Mr. Adola";"Male";0;0;"SOTON/O.Q. 3101310";"No"
"Third";"Asplund, Master. Carl Edgar";"Male";4;2;"347077";"No"
"Third";"Asplund, Master. Clarence Gustaf Hugo";"Male";4;2;"347077";"No"
"Third";"Asplund, Master. Edvin Rojj Felix";"Male";4;2;"347077";"Yes"
"Third";"Asplund, Master. Filip Oscar";"Male";4;2;"347077";"No"
"Third";"Asplund, Miss. Lillian Gertrud";"Female";4;2;"347077";"Yes"
"Third";"Asplund, Mr. Carl Oscar Vilhelm Gustafsson";"Male";1;5;"347077";"No"
"Third";"Asplund, Mr. Johan Charles";"Male";0;0;"350054";"Yes"
"Third";"Asplund, Mrs. Carl Oscar (Selma Augusta Emilia Johansson)";"Female";1;5;"347077";"Yes"
"Third";"Assaf Khalil, Mrs. Mariana ('Miriam')";"Female";0;0;"2696";"Yes"
"Third";"Assaf, Mr. Gerios";"Male";0;0;"2692";"No"
"Third";"Assam, Mr. Ali";"Male";0;0;"SOTON/O.Q. 3101309";"No"
"Third";"Attalah, Miss. Malake";"Female";0;0;"2627";"No"
"Third";"Attalah, Mr. Sleiman";"Male";0;0;"2694";"No"
"Third";"Augustsson, Mr. Albert";"Male";0;0;"347468";"No"
"Third";"Ayoub, Miss. Banoura";"Female";0;0;"2687";"Yes"
"Third";"Baccos, Mr. Raffull";"Male";0;0;"2679";"No"
"Third";"Backstrom, Mr. Karl Alfred";"Male";1;0;"3101278";"No"
"Third";"Backstrom, Mrs. Karl Alfred (Maria Mathilda Gustafsson)";"Female";3;0;"3101278";"Yes"
"Third";"Baclini, Miss. Eugenie";"Female";2;1;"2666";"Yes"
"Third";"Baclini, Miss. Helene Barbara";"Female";2;1;"2666";"Yes"
"Third";"Baclini, Miss. Marie Catherine";"Female";2;1;"2666";"Yes"
"Third";"Baclini, Mrs. Solomon (Latifa Qurban)";"Female";0;3;"2666";"Yes"
"Third";"Badman, Miss. Emily Louisa";"Female";0;0;"A/4 31416";"Yes"
"Third";"Badt, Mr. Mohamed";"Male";0;0;"2623";"No"
"Third";"Balkic, Mr. Cerin";"Male";0;0;"349248";"No"
"Third";"Barah, Mr. Hanna Assi";"Male";0;0;"2663";"Yes"
"Third";"Barbara, Miss. Saiide";"Female";0;1;"2691";"No"
"Third";"Barbara, Mrs. (Catherine David)";"Female";0;1;"2691";"No"
"Third";"Barry, Miss. Julia";"Female";0;0;"330844";"No"
"Third";"Barton, Mr. David John";"Male";0;0;"324669";"No"
"Third";"Beavan, Mr. William Thomas";"Male";0;0;"323951";"No"
"Third";"Bengtsson, Mr. John Viktor";"Male";0;0;"347068";"No"
"Third";"Berglund, Mr. Karl Ivar Sven";"Male";0;0;"PP 4348";"No"
"Third";"Betros, Master. Seman";"Male";0;0;"2622";"No"
"Third";"Betros, Mr. Tannous";"Male";0;0;"2648";"No"
"Third";"Bing, Mr. Lee";"Male";0;0;"1601";"Yes"
"Third";"Birkeland, Mr. Hans Martin Monsen";"Male";0;0;"312992";"No"
"Third";"Bjorklund, Mr. Ernst Herbert";"Male";0;0;"347090";"No"
"Third";"Bostandyeff, Mr. Guentcho";"Male";0;0;"349224";"No"
"Third";"Boulos, Master. Akar";"Male";1;1;"2678";"No"
"Third";"Boulos, Miss. Nourelain";"Female";1;1;"2678";"No"
"Third";"Boulos, Mr. Hanna";"Male";0;0;"2664";"No"
"Third";"Boulos, Mrs. Joseph (Sultana)";"Female";0;2;"2678";"No"
"Third";"Bourke, Miss. Mary";"Female";0;2;"364848";"No"
"Third";"Bourke, Mr. John";"Male";1;1;"364849";"No"
"Third";"Bourke, Mrs. John (Catherine)";"Female";1;1;"364849";"No"
"Third";"Bowen, Mr. David John 'Dai'";"Male";0;0;"54636";"No"
"Third";"Bradley, Miss. Bridget Delia";"Female";0;0;"334914";"Yes"
"Third";"Braf, Miss. Elin Ester Maria";"Female";0;0;"347471";"No"
"Third";"Braund, Mr. Lewis Richard";"Male";1;0;"3460";"No"
"Third";"Braund, Mr. Owen Harris";"Male";1;0;"A/5 21171";"No"
"Third";"Brobeck, Mr. Karl Rudolf";"Male";0;0;"350045";"No"
"Third";"Brocklebank, Mr. William Alfred";"Male";0;0;"364512";"No"
"Third";"Buckley, Miss. Katherine";"Female";0;0;"329944";"No"
"Third";"Buckley, Mr. Daniel";"Male";0;0;"330920";"Yes"
"Third";"Burke, Mr. Jeremiah";"Male";0;0;"365222";"No"
"Third";"Burns, Miss. Mary Delia";"Female";0;0;"330963";"No"
"Third";"Cacic, Miss. Manda";"Female";0;0;"315087";"No"
"Third";"Cacic, Miss. Marija";"Female";0;0;"315084";"No"
"Third";"Cacic, Mr. Jego Grga";"Male";0;0;"315091";"No"
"Third";"Cacic, Mr. Luka";"Male";0;0;"315089";"No"
"Third";"Calic, Mr. Jovo";"Male";0;0;"315093";"No"
"Third";"Calic, Mr. Petar";"Male";0;0;"315086";"No"
"Third";"Canavan, Miss. Mary";"Female";0;0;"364846";"No"
"Third";"Canavan, Mr. Patrick";"Male";0;0;"364858";"No"
"Third";"Cann, Mr. Ernest Charles";"Male";0;0;"A./5. 2152";"No"
"Third";"Caram, Mr. Joseph";"Male";1;0;"2689";"No"
"Third";"Caram, Mrs. Joseph (Maria Elias)";"Female";1;0;"2689";"No"
"Third";"Carlsson, Mr. August Sigfrid";"Male";0;0;"350042";"No"
"Third";"Carlsson, Mr. Carl Robert";"Male";0;0;"350409";"No"
"Third";"Carr, Miss. Helen 'Ellen'";"Female";0;0;"367231";"Yes"
"Third";"Carr, Miss. Jeannie";"Female";0;0;"368364";"No"
"Third";"Carver, Mr. Alfred John";"Male";0;0;"392095";"No"
"Third";"Celotti, Mr. Francesco";"Male";0;0;"343275";"No"
"Third";"Charters, Mr. David";"Male";0;0;"A/5. 13032";"No"
"Third";"Chip, Mr. Chang";"Male";0;0;"1601";"Yes"
"Third";"Christmann, Mr. Emil";"Male";0;0;"343276";"No"
"Third";"Chronopoulos, Mr. Apostolos";"Male";1;0;"2680";"No"
"Third";"Chronopoulos, Mr. Demetrios";"Male";1;0;"2680";"No"
"Third";"Coelho, Mr. Domingos Fernandeo";"Male";0;0;"SOTON/O.Q. 3101307";"No"
"Third";"Cohen, Mr. Gurshon 'Gus'";"Male";0;0;"A/5 3540";"Yes"
"Third";"Colbert, Mr. Patrick";"Male";0;0;"371109";"No"
"Third";"Coleff, Mr. Peju";"Male";0;0;"349210";"No"
"Third";"Coleff, Mr. Satio";"Male";0;0;"349209";"No"
"Third";"Conlon, Mr. Thomas Henry";"Male";0;0;"21332";"No"
"Third";"Connaghton, Mr. Michael";"Male";0;0;"335097";"No"
"Third";"Connolly, Miss. Kate";"Female";0;0;"370373";"Yes"
"Third";"Connolly, Miss. Kate";"Female";0;0;"330972";"No"
"Third";"Connors, Mr. Patrick";"Male";0;0;"370369";"No"
"Third";"Cook, Mr. Jacob";"Male";0;0;"A/5 3536";"No"
"Third";"Cor, Mr. Bartol";"Male";0;0;"349230";"No"
"Third";"Cor, Mr. Ivan";"Male";0;0;"349229";"No"
"Third";"Cor, Mr. Liudevit";"Male";0;0;"349231";"No"
"Third";"Corn, Mr. Harry";"Male";0;0;"SOTON/OQ 392090";"No"
"Third";"Coutts, Master. Eden Leslie 'Neville'";"Male";1;1;"C.A. 37671";"Yes"
"Third";"Coutts, Master. William Loch 'William'";"Male";1;1;"C.A. 37671";"Yes"
"Third";"Coutts, Mrs. William (Winnie 'Minnie' Treanor)";"Female";0;2;"C.A. 37671";"Yes"
"Third";"Coxon, Mr. Daniel";"Male";0;0;"364500";"No"
"Third";"Crease, Mr. Ernest James";"Male";0;0;"S.P. 3464";"No"
"Third";"Cribb, Miss. Laura Alice";"Female";0;1;"371362";"Yes"
"Third";"Cribb, Mr. John Hatfield";"Male";0;1;"371362";"No"
"Third";"Culumovic, Mr. Jeso";"Male";0;0;"315090";"No"
"Third";"Daher, Mr. Shedid";"Male";0;0;"2698";"No"
"Third";"Dahl, Mr. Karl Edwart";"Male";0;0;"7598";"Yes"
"Third";"Dahlberg, Miss. Gerda Ulrika";"Female";0;0;"7552";"No"
"Third";"Dakic, Mr. Branko";"Male";0;0;"349228";"No"
"Third";"Daly, Miss. Margaret Marcella 'Maggie'";"Female";0;0;"382650";"Yes"
"Third";"Daly, Mr. Eugene Patrick";"Male";0;0;"382651";"Yes"
"Third";"Danbom, Master. Gilbert Sigvard Emanuel";"Male";0;2;"347080";"No"
"Third";"Danbom, Mr. Ernst Gilbert";"Male";1;1;"347080";"No"
"Third";"Danbom, Mrs. Ernst Gilbert (Anna Sigrid Maria Brogren)";"Female";1;1;"347080";"No"
"Third";"Danoff, Mr. Yoto";"Male";0;0;"349219";"No"
"Third";"Dantcheff, Mr. Ristiu";"Male";0;0;"349203";"No"
"Third";"Davies, Mr. Alfred J";"Male";2;0;"A/4 48871";"No"
"Third";"Davies, Mr. Evan";"Male";0;0;"SC/A4 23568";"No"
"Third";"Davies, Mr. John Samuel";"Male";2;0;"A/4 48871";"No"
"Third";"Davies, Mr. Joseph";"Male";2;0;"A/4 48873";"No"
"Third";"Davison, Mr. Thomas Henry";"Male";1;0;"386525";"No"
"Third";"Davison, Mrs. Thomas Henry (Mary E Finck)";"Female";1;0;"386525";"Yes"
"Third";"de Messemaeker, Mr. Guillaume Joseph";"Male";1;0;"345572";"Yes"
"Third";"de Messemaeker, Mrs. Guillaume Joseph (Emma)";"Female";1;0;"345572";"Yes"
"Third";"de Mulder, Mr. Theodore";"Male";0;0;"345774";"Yes"
"Third";"de Pelsmaeker, Mr. Alfons";"Male";0;0;"345778";"No"
"Third";"Dean, Master. Bertram Vere";"Male";1;2;"C.A. 2315";"Yes"
"Third";"Dean, Miss. Elizabeth Gladys 'Millvina'";"Female";1;2;"C.A. 2315";"Yes"
"Third";"Dean, Mr. Bertram Frank";"Male";1;2;"C.A. 2315";"No"
"Third";"Dean, Mrs. Bertram (Eva Georgetta Light)";"Female";1;2;"C.A. 2315";"Yes"
"Third";"Delalic, Mr. Redjo";"Male";0;0;"349250";"No"
"Third";"Demetri, Mr. Marinko";"Male";0;0;"349238";"No"
"Third";"Denkoff, Mr. Mitto";"Male";0;0;"349225";"No"
"Third";"Dennis, Mr. Samuel";"Male";0;0;"A/5 21172";"No"
"Third";"Dennis, Mr. William";"Male";0;0;"A/5 21175";"No"
"Third";"Devaney, Miss. Margaret Delia";"Female";0;0;"330958";"Yes"
"Third";"Dika, Mr. Mirko";"Male";0;0;"349232";"No"
"Third";"Dimic, Mr. Jovan";"Male";0;0;"315088";"No"
"Third";"Dintcheff, Mr. Valtcho";"Male";0;0;"349226";"No"
"Third";"Doharr, Mr. Tannous";"Male";0;0;"2686";"No"
"Third";"Dooley, Mr. Patrick";"Male";0;0;"370376";"No"
"Third";"Dorking, Mr. Edward Arthur";"Male";0;0;"A/5. 10482";"Yes"
"Third";"Dowdell, Miss. Elizabeth";"Female";0;0;"364516";"Yes"
"Third";"Doyle, Miss. Elizabeth";"Female";0;0;"368702";"No"
"Third";"Drapkin, Miss. Jennie";"Female";0;0;"SOTON/OQ 392083";"Yes"
"Third";"Drazenoic, Mr. Jozef";"Male";0;0;"349241";"No"
"Third";"Duane, Mr. Frank";"Male";0;0;"336439";"No"
"Third";"Duquemin, Mr. Joseph";"Male";0;0;"S.O./P.P. 752";"Yes"
"Third";"Dyker, Mr. Adolf Fredrik";"Male";1;0;"347072";"No"
"Third";"Dyker, Mrs. Adolf Fredrik (Anna Elisabeth Judith Andersson)";"Female";1;0;"347072";"Yes"
"Third";"Edvardsson, Mr. Gustaf Hjalmar";"Male";0;0;"349912";"No"
"Third";"Eklund, Mr. Hans Linus";"Male";0;0;"347074";"No"
"Third";"Ekstrom, Mr. Johan";"Male";0;0;"347061";"No"
"Third";"Elias, Mr. Dibo";"Male";0;0;"2674";"No"
"Third";"Elias, Mr. Joseph";"Male";0;2;"2675";"No"
"Third";"Elias, Mr. Joseph Jr";"Male";1;1;"2690";"No"
"Third";"Elias, Mr. Tannous";"Male";1;1;"2695";"No"
"Third";"Elsbury, Mr. William James";"Male";0;0;"A/5 3902";"No"
"Third";"Emanuel, Miss. Virginia Ethel";"Female";0;0;"364516";"Yes"
"Third";"Emir, Mr. Farred Chehab";"Male";0;0;"2631";"No"
"Third";"Everett, Mr. Thomas James";"Male";0;0;"C.A. 6212";"No"
"Third";"Farrell, Mr. James";"Male";0;0;"367232";"No"
"Third";"Finoli, Mr. Luigi";"Male";0;0;"SOTON/O.Q. 3101308";"Yes"
"Third";"Fischer, Mr. Eberhard Thelander";"Male";0;0;"350036";"No"
"Third";"Fleming, Miss. Honora";"Female";0;0;"364859";"No"
"Third";"Flynn, Mr. James";"Male";0;0;"364851";"No"
"Third";"Flynn, Mr. John";"Male";0;0;"368323";"No"
"Third";"Foley, Mr. Joseph";"Male";0;0;"330910";"No"
"Third";"Foley, Mr. William";"Male";0;0;"365235";"No"
"Third";"Foo, Mr. Choong";"Male";0;0;"1601";"Yes"
"Third";"Ford, Miss. Doolina Margaret 'Daisy'";"Female";2;2;"W./C. 6608";"No"
"Third";"Ford, Miss. Robina Maggie 'Ruby'";"Female";2;2;"W./C. 6608";"No"
"Third";"Ford, Mr. Arthur";"Male";0;0;"A/5 1478";"No"
"Third";"Ford, Mr. Edward Watson";"Male";2;2;"W./C. 6608";"No"
"Third";"Ford, Mr. William Neal";"Male";1;3;"W./C. 6608";"No"
"Third";"Ford, Mrs. Edward (Margaret Ann Watson)";"Female";1;3;"W./C. 6608";"No"
"Third";"Fox, Mr. Patrick";"Male";0;0;"368573";"No"
"Third";"Franklin, Mr. Charles (Charles Fardon)";"Male";0;0;"SOTON/O.Q. 3101314";"No"
"Third";"Gallagher, Mr. Martin";"Male";0;0;"36864";"No"
"Third";"Garfirth, Mr. John";"Male";0;0;"358585";"No"
"Third";"Gheorgheff, Mr. Stanio";"Male";0;0;"349254";"No"
"Third";"Gilinski, Mr. Eliezer";"Male";0;0;"14973";"No"
"Third";"Gilnagh, Miss. Katherine 'Katie'";"Female";0;0;"35851";"Yes"
"Third";"Glynn, Miss. Mary Agatha";"Female";0;0;"335677";"Yes"
"Third";"Goldsmith, Master. Frank John William 'Frankie'";"Male";0;2;"363291";"Yes"
"Third";"Goldsmith, Mr. Frank John";"Male";1;1;"363291";"No"
"Third";"Goldsmith, Mr. Nathan";"Male";0;0;"SOTON/O.Q. 3101263";"No"
"Third";"Goldsmith, Mrs. Frank John (Emily Alice Brown)";"Female";1;1;"363291";"Yes"
"Third";"Goncalves, Mr. Manuel Estanslas";"Male";0;0;"SOTON/O.Q. 3101306";"No"
"Third";"Goodwin, Master. Harold Victor";"Male";5;2;"CA 2144";"No"
"Third";"Goodwin, Master. Sidney Leonard";"Male";5;2;"CA 2144";"No"
"Third";"Goodwin, Master. William Frederick";"Male";5;2;"CA 2144";"No"
"Third";"Goodwin, Miss. Jessie Allis";"Female";5;2;"CA 2144";"No"
"Third";"Goodwin, Miss. Lillian Amy";"Female";5;2;"CA 2144";"No"
"Third";"Goodwin, Mr. Charles Edward";"Male";5;2;"CA 2144";"No"
"Third";"Goodwin, Mr. Charles Frederick";"Male";1;6;"CA 2144";"No"
"Third";"Goodwin, Mrs. Frederick (Augusta Tyler)";"Female";1;6;"CA 2144";"No"
"Third";"Green, Mr. George Henry";"Male";0;0;"21440";"No"
"Third";"Gronnestad, Mr. Daniel Danielsen";"Male";0;0;"8471";"No"
"Third";"Guest, Mr. Robert";"Male";0;0;"376563";"No"
"Third";"Gustafsson, Mr. Alfred Ossian";"Male";0;0;"7534";"No"
"Third";"Gustafsson, Mr. Anders Vilhelm";"Male";2;0;"3101276";"No"
"Third";"Gustafsson, Mr. Johan Birger";"Male";2;0;"3101277";"No"
"Third";"Gustafsson, Mr. Karl Gideon";"Male";0;0;"347069";"No"
"Third";"Haas, Miss. Aloisia";"Female";0;0;"349236";"No"
"Third";"Hagardon, Miss. Kate";"Female";0;0;"AQ/3. 30631";"No"
"Third";"Hagland, Mr. Ingvald Olai Olsen";"Male";1;0;"65303";"No"
"Third";"Hagland, Mr. Konrad Mathias Reiersen";"Male";1;0;"65304";"No"
"Third";"Hakkarainen, Mr. Pekka Pietari";"Male";1;0;"STON/O2. 3101279";"No"
"Third";"Hakkarainen, Mrs. Pekka Pietari (Elin Matilda Dolck)";"Female";1;0;"STON/O2. 3101279";"Yes"
"Third";"Hampe, Mr. Leon";"Male";0;0;"345769";"No"
"Third";"Hanna, Mr. Mansour";"Male";0;0;"2693";"No"
"Third";"Hansen, Mr. Claus Peter";"Male";2;0;"350026";"No"
"Third";"Hansen, Mr. Henrik Juul";"Male";1;0;"350025";"No"
"Third";"Hansen, Mr. Henry Damsgaard";"Male";0;0;"350029";"No"
"Third";"Hansen, Mrs. Claus Peter (Jennie L Howard)";"Female";1;0;"350026";"Yes"
"Third";"Harknett, Miss. Alice Phoebe";"Female";0;0;"W./C. 6609";"No"
"Third";"Harmer, Mr. Abraham (David Lishin)";"Male";0;0;"374887";"No"
"Third";"Hart, Mr. Henry";"Male";0;0;"394140";"No"
"Third";"Hassan, Mr. Houssein G N";"Male";0;0;"2699";"No"
"Third";"Healy, Miss. Hanora 'Nora'";"Female";0;0;"370375";"Yes"
"Third";"Hedman, Mr. Oskar Arvid";"Male";0;0;"347089";"Yes"
"Third";"Hee, Mr. Ling";"Male";0;0;"1601";"Yes"
"Third";"Hegarty, Miss. Hanora 'Nora'";"Female";0;0;"365226";"No"
"Third";"Heikkinen, Miss. Laina";"Female";0;0;"STON/O2. 3101282";"Yes"
"Third";"Heininen, Miss. Wendla Maria";"Female";0;0;"STON/O2. 3101290";"No"
"Third";"Hellstrom, Miss. Hilda Maria";"Female";0;0;"7548";"Yes"
"Third";"Hendekovic, Mr. Ignjac";"Male";0;0;"349243";"No"
"Third";"Henriksson, Miss. Jenny Lovisa";"Female";0;0;"347086";"No"
"Third";"Henry, Miss. Delia";"Female";0;0;"382649";"No"
"Third";"Hirvonen, Miss. Hildur E";"Female";0;1;"3101298";"Yes"
"Third";"Hirvonen, Mrs. Alexander (Helga E Lindqvist)";"Female";1;1;"3101298";"Yes"
"Third";"Holm, Mr. John Fredrik Alexander";"Male";0;0;"C 7075";"No"
"Third";"Holthen, Mr. Johan Martin";"Male";0;0;"C 4001";"No"
"Third";"Honkanen, Miss. Eliina";"Female";0;0;"STON/O2. 3101283";"Yes"
"Third";"Horgan, Mr. John";"Male";0;0;"370377";"No"
"Third";"Howard, Miss. May Elizabeth";"Female";0;0;"A. 2. 39186";"Yes"
"Third";"Humblen, Mr. Adolf Mathias Nicolai Olsen";"Male";0;0;"348121";"No"
"Third";"Hyman, Mr. Abraham";"Male";0;0;"3470";"Yes"
"Third";"Ibrahim Shawah, Mr. Yousseff";"Male";0;0;"2685";"No"
"Third";"Ilieff, Mr. Ylio";"Male";0;0;"349220";"No"
"Third";"Ilmakangas, Miss. Ida Livija";"Female";1;0;"STON/O2. 3101270";"No"
"Third";"Ilmakangas, Miss. Pieta Sofia";"Female";1;0;"STON/O2. 3101271";"No"
"Third";"Ivanoff, Mr. Kanio";"Male";0;0;"349201";"No"
"Third";"Jalsevac, Mr. Ivan";"Male";0;0;"349240";"Yes"
"Third";"Jansson, Mr. Carl Olof";"Male";0;0;"350034";"Yes"
"Third";"Jardin, Mr. Jose Neto";"Male";0;0;"SOTON/O.Q. 3101305";"No"
"Third";"Jensen, Mr. Hans Peder";"Male";0;0;"350050";"No"
"Third";"Jensen, Mr. Niels Peder";"Male";0;0;"350047";"No"
"Third";"Jensen, Mr. Svend Lauritz";"Male";1;0;"350048";"No"
"Third";"Jermyn, Miss. Annie";"Female";0;0;"14313";"Yes"
"Third";"Johannesen-Bratthammer, Mr. Bernt";"Male";0;0;"65306";"Yes"
"Third";"Johanson, Mr. Jakob Alfred";"Male";0;0;"3101264";"No"
"Third";"Johansson Palmquist, Mr. Oskar Leander";"Male";0;0;"347070";"Yes"
"Third";"Johansson, Mr. Erik";"Male";0;0;"350052";"No"
"Third";"Johansson, Mr. Gustaf Joel";"Male";0;0;"7540";"No"
"Third";"Johansson, Mr. Karl Johan";"Male";0;0;"347063";"No"
"Third";"Johansson, Mr. Nils";"Male";0;0;"347467";"No"
"Third";"Johnson, Master. Harold Theodor";"Male";1;1;"347742";"Yes"
"Third";"Johnson, Miss. Eleanor Ileen";"Female";1;1;"347742";"Yes"
"Third";"Johnson, Mr. Alfred";"Male";0;0;"LINE";"No"
"Third";"Johnson, Mr. Malkolm Joackim";"Male";0;0;"347062";"No"
"Third";"Johnson, Mr. William Cahoone Jr";"Male";0;0;"LINE";"No"
"Third";"Johnson, Mrs. Oscar W (Elisabeth Vilhelmina Berg)";"Female";0;2;"347742";"Yes"
"Third";"Johnston, Master. William Arthur 'Willie'";"Male";1;2;"W./C. 6607";"No"
"Third";"Johnston, Miss. Catherine Helen 'Carrie'";"Female";1;2;"W./C. 6607";"No"
"Third";"Johnston, Mr. Andrew G";"Male";1;2;"W./C. 6607";"No"
"Third";"Johnston, Mrs. Andrew G (Elizabeth 'Lily' Watson)";"Female";1;2;"W./C. 6607";"No"
"Third";"Jonkoff, Mr. Lalio";"Male";0;0;"349204";"No"
"Third";"Jonsson, Mr. Carl";"Male";0;0;"350417";"Yes"
"Third";"Jonsson, Mr. Nils Hilding";"Male";0;0;"350408";"No"
"Third";"Jussila, Miss. Katriina";"Female";1;0;"4136";"No"
"Third";"Jussila, Miss. Mari Aina";"Female";1;0;"4137";"No"
"Third";"Jussila, Mr. Eiriik";"Male";0;0;"STON/O 2. 3101286";"Yes"
"Third";"Kallio, Mr. Nikolai Erland";"Male";0;0;"STON/O 2. 3101274";"No"
"Third";"Kalvik, Mr. Johannes Halvorsen";"Male";0;0;"8475";"No"
"Third";"Karaic, Mr. Milan";"Male";0;0;"349246";"No"
"Third";"Karlsson, Mr. Einar Gervasius";"Male";0;0;"350053";"Yes"
"Third";"Karlsson, Mr. Julius Konrad Eugen";"Male";0;0;"347465";"No"
"Third";"Karlsson, Mr. Nils August";"Male";0;0;"350060";"No"
"Third";"Karun, Miss. Manca";"Female";0;1;"349256";"Yes"
"Third";"Karun, Mr. Franz";"Male";0;1;"349256";"Yes"
"Third";"Kassem, Mr. Fared";"Male";0;0;"2700";"No"
"Third";"Katavelas, Mr. Vassilios ('Catavelas Vassilios')";"Male";0;0;"2682";"No"
"Third";"Keane, Mr. Andrew 'Andy'";"Male";0;0;"12460";"No"
"Third";"Keefe, Mr. Arthur";"Male";0;0;"323592";"No"
"Third";"Kelly, Miss. Anna Katherine 'Annie Kate'";"Female";0;0;"9234";"Yes"
"Third";"Kelly, Miss. Mary";"Female";0;0;"14312";"Yes"
"Third";"Kelly, Mr. James";"Male";0;0;"330911";"No"
"Third";"Kelly, Mr. James";"Male";0;0;"363592";"No"
"Third";"Kennedy, Mr. John";"Male";0;0;"368783";"Yes"
"Third";"Khalil, Mr. Betros";"Male";1;0;"2660";"No"
"Third";"Khalil, Mrs. Betros (Zahie 'Maria' Elias)";"Female";1;0;"2660";"No"
"Third";"Kiernan, Mr. John";"Male";1;0;"367227";"No"
"Third";"Kiernan, Mr. Philip";"Male";1;0;"367229";"No"
"Third";"Kilgannon, Mr. Thomas J";"Male";0;0;"36865";"No"
"Third";"Kink, Miss. Maria";"Female";2;0;"315152";"No"
"Third";"Kink, Mr. Vincenz";"Male";2;0;"315151";"No"
"Third";"Kink-Heilmann, Miss. Luise Gretchen";"Female";0;2;"315153";"Yes"
"Third";"Kink-Heilmann, Mr. Anton";"Male";3;1;"315153";"Yes"
"Third";"Kink-Heilmann, Mrs. Anton (Luise Heilmann)";"Female";1;1;"315153";"Yes"
"Third";"Klasen, Miss. Gertrud Emilia";"Female";1;1;"350405";"No"
"Third";"Klasen, Mr. Klas Albin";"Male";1;1;"350404";"No"
"Third";"Klasen, Mrs. (Hulda Kristina Eugenia Lofqvist)";"Female";0;2;"350405";"No"
"Third";"Kraeff, Mr. Theodor";"Male";0;0;"349253";"No"
"Third";"Krekorian, Mr. Neshan";"Male";0;0;"2654";"Yes"
"Third";"Lahoud, Mr. Sarkis";"Male";0;0;"2624";"No"
"Third";"Laitinen, Miss. Kristina Sofia";"Female";0;0;"4135";"No"
"Third";"Laleff, Mr. Kristo";"Male";0;0;"349217";"No"
"Third";"Lam, Mr. Ali";"Male";0;0;"1601";"Yes"
"Third";"Lam, Mr. Len";"Male";0;0;"1601";"No"
"Third";"Landergren, Miss. Aurora Adelia";"Female";0;0;"C 7077";"Yes"
"Third";"Lane, Mr. Patrick";"Male";0;0;"7935";"No"
"Third";"Lang, Mr. Fang";"Male";0;0;"1601";"Yes"
"Third";"Larsson, Mr. August Viktor";"Male";0;0;"7545";"No"
"Third";"Larsson, Mr. Bengt Edvin";"Male";0;0;"347067";"No"
"Third";"Larsson-Rondberg, Mr. Edvard A";"Male";0;0;"347065";"No"
"Third";"Leeni, Mr. Fahim ('Philip Zenni')";"Male";0;0;"2620";"Yes"
"Third";"Lefebre, Master. Henry Forbes";"Male";3;1;"4133";"No"
"Third";"Lefebre, Miss. Ida";"Female";3;1;"4133";"No"
"Third";"Lefebre, Miss. Jeannie";"Female";3;1;"4133";"No"
"Third";"Lefebre, Miss. Mathilde";"Female";3;1;"4133";"No"
"Third";"Lefebre, Mrs. Frank (Frances)";"Female";0;4;"4133";"No"
"Third";"Leinonen, Mr. Antti Gustaf";"Male";0;0;"STON/O 2. 3101292";"No"
"Third";"Lemberopolous, Mr. Peter L";"Male";0;0;"2683";"No"
"Third";"Lennon, Miss. Mary";"Female";1;0;"370371";"No"
"Third";"Lennon, Mr. Denis";"Male";1;0;"370371";"No"
"Third";"Leonard, Mr. Lionel";"Male";0;0;"LINE";"No"
"Third";"Lester, Mr. James";"Male";0;0;"A/4 48871";"No"
"Third";"Lievens, Mr. Rene Aime";"Male";0;0;"345781";"No"
"Third";"Lindahl, Miss. Agda Thorilda Viktoria";"Female";0;0;"347071";"No"
"Third";"Lindblom, Miss. Augusta Charlotta";"Female";0;0;"347073";"No"
"Third";"Lindell, Mr. Edvard Bengtsson";"Male";1;0;"349910";"No"
"Third";"Lindell, Mrs. Edvard Bengtsson (Elin Gerda Persson)";"Female";1;0;"349910";"No"
"Third";"Lindqvist, Mr. Eino William";"Male";1;0;"STON/O 2. 3101285";"Yes"
"Third";"Linehan, Mr. Michael";"Male";0;0;"330971";"No"
"Third";"Ling, Mr. Lee";"Male";0;0;"1601";"No"
"Third";"Lithman, Mr. Simon";"Male";0;0;"S.O./P.P. 251";"No"
"Third";"Lobb, Mr. William Arthur";"Male";1;0;"A/5. 3336";"No"
"Third";"Lobb, Mrs. William Arthur (Cordelia K Stanlick)";"Female";1;0;"A/5. 3336";"No"
"Third";"Lockyer, Mr. Edward";"Male";0;0;"1222";"No"
"Third";"Lovell, Mr. John Hall ('Henry')";"Male";0;0;"A/5 21173";"No"
"Third";"Lulic, Mr. Nikola";"Male";0;0;"315098";"Yes"
"Third";"Lundahl, Mr. Johan Svensson";"Male";0;0;"347743";"No"
"Third";"Lundin, Miss. Olga Elida";"Female";0;0;"347469";"Yes"
"Third";"Lundstrom, Mr. Thure Edvin";"Male";0;0;"350403";"Yes"
"Third";"Lyntakoff, Mr. Stanko";"Male";0;0;"349235";"No"
"Third";"MacKay, Mr. George William";"Male";0;0;"C.A. 42795";"No"
"Third";"Madigan, Miss. Margaret 'Maggie'";"Female";0;0;"370370";"Yes"
"Third";"Madsen, Mr. Fridtjof Arne";"Male";0;0;"C 17369";"Yes"
"Third";"Maenpaa, Mr. Matti Alexanteri";"Male";0;0;"STON/O 2. 3101275";"No"
"Third";"Mahon, Miss. Bridget Delia";"Female";0;0;"330924";"No"
"Third";"Mahon, Mr. John";"Male";0;0;"AQ/4 3130";"No"
"Third";"Maisner, Mr. Simon";"Male";0;0;"A/S 2816";"No"
"Third";"Makinen, Mr. Kalle Edvard";"Male";0;0;"STON/O 2. 3101268";"No"
"Third";"Mamee, Mr. Hanna";"Male";0;0;"2677";"Yes"
"Third";"Mangan, Miss. Mary";"Female";0;0;"364850";"No"
"Third";"Mannion, Miss. Margareth";"Female";0;0;"36866";"Yes"
"Third";"Mardirosian, Mr. Sarkis";"Male";0;0;"2655";"No"
"Third";"Markoff, Mr. Marin";"Male";0;0;"349213";"No"
"Third";"Markun, Mr. Johann";"Male";0;0;"349257";"No"
"Third";"Masselmani, Mrs. Fatima";"Female";0;0;"2649";"Yes"
"Third";"Matinoff, Mr. Nicola";"Male";0;0;"349255";"No"
"Third";"McCarthy, Miss. Catherine 'Katie'";"Female";0;0;"383123";"Yes"
"Third";"McCormack, Mr. Thomas Joseph";"Male";0;0;"367228";"Yes"
"Third";"McCoy, Miss. Agnes";"Female";2;0;"367226";"Yes"
"Third";"McCoy, Miss. Alicia";"Female";2;0;"367226";"Yes"
"Third";"McCoy, Mr. Bernard";"Male";2;0;"367226";"Yes"
"Third";"McDermott, Miss. Brigdet Delia";"Female";0;0;"330932";"Yes"
"Third";"McEvoy, Mr. Michael";"Male";0;0;"36568";"No"
"Third";"McGovern, Miss. Mary";"Female";0;0;"330931";"Yes"
"Third";"McGowan, Miss. Anna 'Annie'";"Female";0;0;"330923";"Yes"
"Third";"McGowan, Miss. Katherine";"Female";0;0;"9232";"No"
"Third";"McMahon, Mr. Martin";"Male";0;0;"370372";"No"
"Third";"McNamee, Mr. Neal";"Male";1;0;"376566";"No"
"Third";"McNamee, Mrs. Neal (Eileen O'Leary)";"Female";1;0;"376566";"No"
"Third";"McNeill, Miss. Bridget";"Female";0;0;"370368";"No"
"Third";"Meanwell, Miss. (Marion Ogden)";"Female";0;0;"SOTON/O.Q. 392087";"No"
"Third";"Meek, Mrs. Thomas (Annie Louise Rowley)";"Female";0;0;"343095";"No"
"Third";"Meo, Mr. Alfonzo";"Male";0;0;"A.5. 11206";"No"
"Third";"Mernagh, Mr. Robert";"Male";0;0;"368703";"No"
"Third";"Midtsjo, Mr. Karl Albert";"Male";0;0;"345501";"Yes"
"Third";"Miles, Mr. Frank";"Male";0;0;"359306";"No"
"Third";"Mineff, Mr. Ivan";"Male";0;0;"349233";"No"
"Third";"Minkoff, Mr. Lazar";"Male";0;0;"349211";"No"
"Third";"Mionoff, Mr. Stoytcho";"Male";0;0;"349207";"No"
"Third";"Mitkoff, Mr. Mito";"Male";0;0;"349221";"No"
"Third";"Mockler, Miss. Helen Mary 'Ellie'";"Female";0;0;"330980";"Yes"
"Third";"Moen, Mr. Sigurd Hansen";"Male";0;0;"348123";"No"
"Third";"Moor, Master. Meier";"Male";0;1;"392096";"Yes"
"Third";"Moor, Mrs. (Beila)";"Female";0;1;"392096";"Yes"
"Third";"Moore, Mr. Leonard Charles";"Male";0;0;"A4. 54510";"No"
"Third";"Moran, Miss. Bertha";"Female";1;0;"371110";"Yes"
"Third";"Moran, Mr. Daniel J";"Male";1;0;"371110";"No"
"Third";"Moran, Mr. James";"Male";0;0;"330877";"No"
"Third";"Morley, Mr. William";"Male";0;0;"364506";"No"
"Third";"Morrow, Mr. Thomas Rowan";"Male";0;0;"372622";"No"
"Third";"Moss, Mr. Albert Johan";"Male";0;0;"312991";"Yes"
"Third";"Moubarek, Master. Gerios";"Male";1;1;"2661";"Yes"
"Third";"Moubarek, Master. Halim Gonios ('William George')";"Male";1;1;"2661";"Yes"
"Third";"Moubarek, Mrs. George (Omine 'Amenia' Alexander)";"Female";0;2;"2661";"Yes"
"Third";"Moussa, Mrs. (Mantoura Boulos)";"Female";0;0;"2626";"Yes"
"Third";"Moutal, Mr. Rahamin Haim";"Male";0;0;"374746";"No"
"Third";"Mullens, Miss. Katherine 'Katie'";"Female";0;0;"35852";"Yes"
"Third";"Mulvihill, Miss. Bertha E";"Female";0;0;"382653";"Yes"
"Third";"Murdlin, Mr. Joseph";"Male";0;0;"A./5. 3235";"No"
"Third";"Murphy, Miss. Katherine 'Kate'";"Female";1;0;"367230";"Yes"
"Third";"Murphy, Miss. Margaret Jane";"Female";1;0;"367230";"Yes"
"Third";"Murphy, Miss. Nora";"Female";0;0;"36568";"Yes"
"Third";"Myhrman, Mr. Pehr Fabian Oliver Malkolm";"Male";0;0;"347078";"No"
"Third";"Naidenoff, Mr. Penko";"Male";0;0;"349206";"No"
"Third";"Najib, Miss. Adele Kiamie 'Jane'";"Female";0;0;"2667";"Yes"
"Third";"Nakid, Miss. Maria ('Mary')";"Female";0;2;"2653";"Yes"
"Third";"Nakid, Mr. Sahid";"Male";1;1;"2653";"Yes"
"Third";"Nakid, Mrs. Said (Waika 'Mary' Mowad)";"Female";1;1;"2653";"Yes"
"Third";"Nancarrow, Mr. William Henry";"Male";0;0;"A./5. 3338";"No"
"Third";"Nankoff, Mr. Minko";"Male";0;0;"349218";"No"
"Third";"Nasr, Mr. Mustafa";"Male";0;0;"2652";"No"
"Third";"Naughton, Miss. Hannah";"Female";0;0;"365237";"No"
"Third";"Nenkoff, Mr. Christo";"Male";0;0;"349234";"No"
"Third";"Nicola-Yarred, Master. Elias";"Male";1;0;"2651";"Yes"
"Third";"Nicola-Yarred, Miss. Jamila";"Female";1;0;"2651";"Yes"
"Third";"Nieminen, Miss. Manta Josefina";"Female";0;0;"3101297";"No"
"Third";"Niklasson, Mr. Samuel";"Male";0;0;"363611";"No"
"Third";"Nilsson, Miss. Berta Olivia";"Female";0;0;"347066";"Yes"
"Third";"Nilsson, Miss. Helmina Josefina";"Female";0;0;"347470";"Yes"
"Third";"Nilsson, Mr. August Ferdinand";"Male";0;0;"350410";"No"
"Third";"Nirva, Mr. Iisakki Antino Aijo";"Male";0;0;"SOTON/O2 3101272";"No"
"Third";"Niskanen, Mr. Juha";"Male";0;0;"STON/O 2. 3101289";"Yes"
"Third";"Nosworthy, Mr. Richard Cater";"Male";0;0;"A/4. 39886";"No"
"Third";"Novel, Mr. Mansouer";"Male";0;0;"2697";"No"
"Third";"Nysten, Miss. Anna Sofia";"Female";0;0;"347081";"Yes"
"Third";"Nysveen, Mr. Johan Hansen";"Male";0;0;"345364";"No"
"Third";"O'Brien, Mr. Thomas";"Male";1;0;"370365";"No"
"Third";"O'Brien, Mr. Timothy";"Male";0;0;"330979";"No"
"Third";"O'Brien, Mrs. Thomas (Johanna 'Hannah' Godfrey)";"Female";1;0;"370365";"Yes"
"Third";"O'Connell, Mr. Patrick D";"Male";0;0;"334912";"No"
"Third";"O'Connor, Mr. Maurice";"Male";0;0;"371060";"No"
"Third";"O'Connor, Mr. Patrick";"Male";0;0;"366713";"No"
"Third";"Odahl, Mr. Nils Martin";"Male";0;0;"7267";"No"
"Third";"O'Donoghue, Ms. Bridget";"Female";0;0;"364856";"No"
"Third";"O'Driscoll, Miss. Bridget";"Female";0;0;"14311";"Yes"
"Third";"O'Dwyer, Miss. Ellen 'Nellie'";"Female";0;0;"330959";"Yes"
"Third";"Ohman, Miss. Velin";"Female";0;0;"347085";"Yes"
"Third";"O'Keefe, Mr. Patrick";"Male";0;0;"368402";"Yes"
"Third";"O'Leary, Miss. Hanora 'Norah'";"Female";0;0;"330919";"Yes"
"Third";"Olsen, Master. Artur Karl";"Male";0;1;"C 17368";"Yes"
"Third";"Olsen, Mr. Henry Margido";"Male";0;0;"C 4001";"No"
"Third";"Olsen, Mr. Karl Siegwart Andreas";"Male";0;1;"4579";"No"
"Third";"Olsen, Mr. Ole Martin";"Male";0;0;"Fa 265302";"No"
"Third";"Olsson, Miss. Elina";"Female";0;0;"350407";"No"
"Third";"Olsson, Mr. Nils Johan Goransson";"Male";0;0;"347464";"No"
"Third";"Olsson, Mr. Oscar Wilhelm";"Male";0;0;"347079";"Yes"
"Third";"Olsvigen, Mr. Thor Anderson";"Male";0;0;"6563";"No"
"Third";"Oreskovic, Miss. Jelka";"Female";0;0;"315085";"No"
"Third";"Oreskovic, Miss. Marija";"Female";0;0;"315096";"No"
"Third";"Oreskovic, Mr. Luka";"Male";0;0;"315094";"No"
"Third";"Osen, Mr. Olaf Elon";"Male";0;0;"7534";"No"
"Third";"Osman, Mrs. Mara";"Female";0;0;"349244";"Yes"
"Third";"O'Sullivan, Miss. Bridget Mary";"Female";0;0;"330909";"No"
"Third";"Palsson, Master. Gosta Leonard";"Male";3;1;"349909";"No"
"Third";"Palsson, Master. Paul Folke";"Male";3;1;"349909";"No"
"Third";"Palsson, Miss. Stina Viola";"Female";3;1;"349909";"No"
"Third";"Palsson, Miss. Torborg Danira";"Female";3;1;"349909";"No"
"Third";"Palsson, Mrs. Nils (Alma Cornelia Berglund)";"Female";0;4;"349909";"No"
"Third";"Panula, Master. Eino Viljami";"Male";4;1;"3101295";"No"
"Third";"Panula, Master. Juha Niilo";"Male";4;1;"3101295";"No"
"Third";"Panula, Master. Urho Abraham";"Male";4;1;"3101295";"No"
"Third";"Panula, Mr. Ernesti Arvid";"Male";4;1;"3101295";"No"
"Third";"Panula, Mr. Jaako Arnold";"Male";4;1;"3101295";"No"
"Third";"Panula, Mrs. Juha (Maria Emilia Ojala)";"Female";0;5;"3101295";"No"
"Third";"Pasic, Mr. Jakob";"Male";0;0;"315097";"No"
"Third";"Patchett, Mr. George";"Male";0;0;"358585";"No"
"Third";"Paulner, Mr. Uscher";"Male";0;0;"3411";"No"
"Third";"Pavlovic, Mr. Stefo";"Male";0;0;"349242";"No"
"Third";"Peacock, Master. Alfred Edward";"Male";1;1;"SOTON/O.Q. 3101315";"No"
"Third";"Peacock, Miss. Treasteall";"Female";1;1;"SOTON/O.Q. 3101315";"No"
"Third";"Peacock, Mrs. Benjamin (Edith Nile)";"Female";0;2;"SOTON/O.Q. 3101315";"No"
"Third";"Pearce, Mr. Ernest";"Male";0;0;"343271";"No"
"Third";"Pedersen, Mr. Olaf";"Male";0;0;"345498";"No"
"Third";"Peduzzi, Mr. Joseph";"Male";0;0;"A/5 2817";"No"
"Third";"Pekoniemi, Mr. Edvard";"Male";0;0;"STON/O 2. 3101294";"No"
"Third";"Peltomaki, Mr. Nikolai Johannes";"Male";0;0;"STON/O 2. 3101291";"No"
"Third";"Perkin, Mr. John Henry";"Male";0;0;"A/5 21174";"No"
"Third";"Persson, Mr. Ernst Ulrik";"Male";1;0;"347083";"Yes"
"Third";"Peter, Master. Michael J";"Male";1;1;"2668";"Yes"
"Third";"Peter, Miss. Anna";"Female";1;1;"2668";"Yes"
"Third";"Peter, Mrs. Catherine (Catherine Rizk)";"Female";0;2;"2668";"Yes"
"Third";"Peters, Miss. Katie";"Female";0;0;"330935";"No"
"Third";"Petersen, Mr. Marius";"Male";0;0;"342441";"No"
"Third";"Petranec, Miss. Matilda";"Female";0;0;"349245";"No"
"Third";"Petroff, Mr. Nedelio";"Male";0;0;"349212";"No"
"Third";"Petroff, Mr. Pastcho ('Pentcho')";"Male";0;0;"349215";"No"
"Third";"Petterson, Mr. Johan Emil";"Male";1;0;"347076";"No"
"Third";"Pettersson, Miss. Ellen Natalia";"Female";0;0;"347087";"No"
"Third";"Pickard, Mr. Berk (Berk Trembisky)";"Male";0;0;"SOTON/O.Q. 392078";"Yes"
"Third";"Plotcharsky, Mr. Vasil";"Male";0;0;"349227";"No"
"Third";"Pokrnic, Mr. Mate";"Male";0;0;"315095";"No"
"Third";"Pokrnic, Mr. Tome";"Male";0;0;"315092";"No"
"Third";"Radeff, Mr. Alexander";"Male";0;0;"349223";"No"
"Third";"Rasmussen, Mrs. (Lena Jacobsen Solvang)";"Female";0;0;"65305";"No"
"Third";"Razi, Mr. Raihed";"Male";0;0;"2629";"No"
"Third";"Reed, Mr. James George";"Male";0;0;"362316";"No"
"Third";"Rekic, Mr. Tido";"Male";0;0;"349249";"No"
"Third";"Reynolds, Mr. Harold J";"Male";0;0;"342684";"No"
"Third";"Rice, Master. Albert";"Male";4;1;"382652";"No"
"Third";"Rice, Master. Arthur";"Male";4;1;"382652";"No"
"Third";"Rice, Master. Eric";"Male";4;1;"382652";"No"
"Third";"Rice, Master. Eugene";"Male";4;1;"382652";"No"
"Third";"Rice, Master. George Hugh";"Male";4;1;"382652";"No"
"Third";"Rice, Mrs. William (Margaret Norton)";"Female";0;5;"382652";"No"
"Third";"Riihivouri, Miss. Susanna Juhantytar 'Sanni'";"Female";0;0;"3101295";"No"
"Third";"Rintamaki, Mr. Matti";"Male";0;0;"STON/O 2. 3101273";"No"
"Third";"Riordan, Miss. Johanna 'Hannah'";"Female";0;0;"334915";"Yes"
"Third";"Risien, Mr. Samuel Beard";"Male";0;0;"364498";"No"
"Third";"Risien, Mrs. Samuel (Emma)";"Female";0;0;"364498";"No"
"Third";"Robins, Mr. Alexander A";"Male";1;0;"A/5. 3337";"No"
"Third";"Robins, Mrs. Alexander A (Grace Charity Laury)";"Female";1;0;"A/5. 3337";"No"
"Third";"Rogers, Mr. William John";"Male";0;0;"S.C./A.4. 23567";"No"
"Third";"Rommetvedt, Mr. Knud Paust";"Male";0;0;"312993";"No"
"Third";"Rosblom, Miss. Salli Helena";"Female";1;1;"370129";"No"
"Third";"Rosblom, Mr. Viktor Richard";"Male";1;1;"370129";"No"
"Third";"Rosblom, Mrs. Viktor (Helena Wilhelmina)";"Female";0;2;"370129";"No"
"Third";"Roth, Miss. Sarah A";"Female";0;0;"342712";"Yes"
"Third";"Rouse, Mr. Richard Henry";"Male";0;0;"A/5 3594";"No"
"Third";"Rush, Mr. Alfred George John";"Male";0;0;"A/4. 20589";"No"
"Third";"Ryan, Mr. Edward";"Male";0;0;"383162";"Yes"
"Third";"Ryan, Mr. Patrick";"Male";0;0;"371110";"No"
"Third";"Saad, Mr. Amin";"Male";0;0;"2671";"No"
"Third";"Saad, Mr. Khalil";"Male";0;0;"2672";"No"
"Third";"Saade, Mr. Jean Nassr";"Male";0;0;"2676";"No"
"Third";"Sadlier, Mr. Matthew";"Male";0;0;"367655";"No"
"Third";"Sadowitz, Mr. Harry";"Male";0;0;"LP 1588";"No"
"Third";"Saether, Mr. Simon Sivertsen";"Male";0;0;"SOTON/O.Q. 3101262";"No"
"Third";"Sage, Master. Thomas Henry";"Male";8;2;"CA. 2343";"No"
"Third";"Sage, Master. William Henry";"Male";8;2;"CA. 2343";"No"
"Third";"Sage, Miss. Ada";"Female";8;2;"CA. 2343";"No"
"Third";"Sage, Miss. Constance Gladys";"Female";8;2;"CA. 2343";"No"
"Third";"Sage, Miss. Dorothy Edith 'Dolly'";"Female";8;2;"CA. 2343";"No"
"Third";"Sage, Miss. Stella Anna";"Female";8;2;"CA. 2343";"No"
"Third";"Sage, Mr. Douglas Bullen";"Male";8;2;"CA. 2343";"No"
"Third";"Sage, Mr. Frederick";"Male";8;2;"CA. 2343";"No"
"Third";"Sage, Mr. George John Jr";"Male";8;2;"CA. 2343";"No"
"Third";"Sage, Mr. John George";"Male";1;9;"CA. 2343";"No"
"Third";"Sage, Mrs. John (Annie Bullen)";"Female";1;9;"CA. 2343";"No"
"Third";"Salander, Mr. Karl Johan";"Male";0;0;"7266";"No"
"Third";"Salkjelsvik, Miss. Anna Kristine";"Female";0;0;"343120";"Yes"
"Third";"Salonen, Mr. Johan Werner";"Male";0;0;"3101296";"No"
"Third";"Samaan, Mr. Elias";"Male";2;0;"2662";"No"
"Third";"Samaan, Mr. Hanna";"Male";2;0;"2662";"No"
"Third";"Samaan, Mr. Youssef";"Male";2;0;"2662";"No"
"Third";"Sandstrom, Miss. Beatrice Irene";"Female";1;1;"PP 9549";"Yes"
"Third";"Sandstrom, Mrs. Hjalmar (Agnes Charlotta Bengtsson)";"Female";0;2;"PP 9549";"Yes"
"Third";"Sandstrom, Miss. Marguerite Rut";"Female";1;1;"PP 9549";"Yes"
"Third";"Sap, Mr. Julius";"Male";0;0;"345768";"Yes"
"Third";"Saundercock, Mr. William Henry";"Male";0;0;"A/5. 2151";"No"
"Third";"Sawyer, Mr. Frederick Charles";"Male";0;0;"342826";"No"
"Third";"Scanlan, Mr. James";"Male";0;0;"36209";"No"
"Third";"Sdycoff, Mr. Todor";"Male";0;0;"349222";"No"
"Third";"Shaughnessy, Mr. Patrick";"Male";0;0;"370374";"No"
"Third";"Sheerlinck, Mr. Jan Baptist";"Male";0;0;"345779";"Yes"
"Third";"Shellard, Mr. Frederick William";"Male";0;0;"C.A. 6212";"No"
"Third";"Shine, Miss. Ellen Natalia";"Female";0;0;"330968";"Yes"
"Third";"Shorney, Mr. Charles Joseph";"Male";0;0;"374910";"No"
"Third";"Simmons, Mr. John";"Male";0;0;"SOTON/OQ 392082";"No"
"Third";"Sirayanian, Mr. Orsen";"Male";0;0;"2669";"No"
"Third";"Sirota, Mr. Maurice";"Male";0;0;"392092";"No"
"Third";"Sivic, Mr. Husein";"Male";0;0;"349251";"No"
"Third";"Sivola, Mr. Antti Wilhelm";"Male";0;0;"STON/O 2. 3101280";"No"
"Third";"Sjoblom, Miss. Anna Sofia";"Female";0;0;"3101265";"Yes"
"Third";"Skoog, Master. Harald";"Male";3;2;"347088";"No"
"Third";"Skoog, Master. Karl Thorsten";"Male";3;2;"347088";"No"
"Third";"Skoog, Miss. Mabel";"Female";3;2;"347088";"No"
"Third";"Skoog, Miss. Margit Elizabeth";"Female";3;2;"347088";"No"
"Third";"Skoog, Mr. Wilhelm";"Male";1;4;"347088";"No"
"Third";"Skoog, Mrs. William (Anna Bernhardina Karlsson)";"Female";1;4;"347088";"No"
"Third";"Slabenoff, Mr. Petco";"Male";0;0;"349214";"No"
"Third";"Slocovski, Mr. Selman Francis";"Male";0;0;"SOTON/OQ 392086";"No"
"Third";"Smiljanic, Mr. Mile";"Male";0;0;"315037";"No"
"Third";"Smith, Mr. Thomas";"Male";0;0;"384461";"No"
"Third";"Smyth, Miss. Julia";"Female";0;0;"335432";"Yes"
"Third";"Soholt, Mr. Peter Andreas Lauritz Andersen";"Male";0;0;"348124";"No"
"Third";"Somerton, Mr. Francis William";"Male";0;0;"A.5. 18509";"No"
"Third";"Spector, Mr. Woolf";"Male";0;0;"A.5. 3236";"No"
"Third";"Spinner, Mr. Henry John";"Male";0;0;"STON/OQ. 369943";"No"
"Third";"Staneff, Mr. Ivan";"Male";0;0;"349208";"No"
"Third";"Stankovic, Mr. Ivan";"Male";0;0;"349239";"No"
"Third";"Stanley, Miss. Amy Zillah Elsie";"Female";0;0;"CA. 2314";"Yes"
"Third";"Stanley, Mr. Edward Roland";"Male";0;0;"A/4 45380";"No"
"Third";"Storey, Mr. Thomas";"Male";0;0;"3701";"No"
"Third";"Stoytcheff, Mr. Ilia";"Male";0;0;"349205";"No"
"Third";"Strandberg, Miss. Ida Sofia";"Female";0;0;"7553";"No"
"Third";"Stranden, Mr. Juho";"Male";0;0;"STON/O 2. 3101288";"Yes"
"Third";"Strilic, Mr. Ivan";"Male";0;0;"315083";"No"
"Third";"Strom, Miss. Telma Matilda";"Female";0;1;"347054";"No"
"Third";"Strom, Mrs. Wilhelm (Elna Matilda Persson)";"Female";1;1;"347054";"No"
"Third";"Sunderland, Mr. Victor Francis";"Male";0;0;"SOTON/OQ 392089";"Yes"
"Third";"Sundman, Mr. Johan Julian";"Male";0;0;"STON/O 2. 3101269";"Yes"
"Third";"Sutehall, Mr. Henry Jr";"Male";0;0;"SOTON/OQ 392076";"No"
"Third";"Svensson, Mr. Johan";"Male";0;0;"347060";"No"
"Third";"Svensson, Mr. Johan Cervin";"Male";0;0;"7538";"Yes"
"Third";"Svensson, Mr. Olof";"Male";0;0;"350035";"No"
"Third";"Tenglin, Mr. Gunnar Isidor";"Male";0;0;"350033";"Yes"
"Third";"Theobald, Mr. Thomas Leonard";"Male";0;0;"363294";"No"
"Third";"Thomas, Master. Assad Alexander";"Male";0;1;"2625";"Yes"
"Third";"Thomas, Mr. Charles P";"Male";1;0;"2621";"No"
"Third";"Thomas, Mr. John";"Male";0;0;"2681";"No"
"Third";"Thomas, Mr. Tannous";"Male";0;0;"2684";"No"
"Third";"Thomas, Mrs. Alexander (Thamine 'Thelma')";"Female";1;1;"2625";"Yes"
"Third";"Thomson, Mr. Alexander Morrison";"Male";0;0;"32302";"No"
"Third";"Thorneycroft, Mr. Percival";"Male";1;0;"376564";"No"
"Third";"Thorneycroft, Mrs. Percival (Florence Kate White)";"Female";1;0;"376564";"Yes"
"Third";"Tikkanen, Mr. Juho";"Male";0;0;"STON/O 2. 3101293";"No"
"Third";"Tobin, Mr. Roger";"Male";0;0;"383121";"No"
"Third";"Todoroff, Mr. Lalio";"Male";0;0;"349216";"No"
"Third";"Tomlin, Mr. Ernest Portage";"Male";0;0;"364499";"No"
"Third";"Torber, Mr. Ernst William";"Male";0;0;"364511";"No"
"Third";"Torfa, Mr. Assad";"Male";0;0;"2673";"No"
"Third";"Tornquist, Mr. William Henry";"Male";0;0;"LINE";"Yes"
"Third";"Toufik, Mr. Nakli";"Male";0;0;"2641";"No"
"Third";"Touma, Master. Georges Youssef";"Male";1;1;"2650";"Yes"
"Third";"Touma, Miss. Maria Youssef";"Female";1;1;"2650";"Yes"
"Third";"Touma, Mrs. Darwis (Hanne Youssef Razi)";"Female";0;2;"2650";"Yes"
"Third";"Turcin, Mr. Stjepan";"Male";0;0;"349247";"No"
"Third";"Turja, Miss. Anna Sofia";"Female";0;0;"4138";"Yes"
"Third";"Turkula, Mrs. (Hedwig)";"Female";0;0;"4134";"Yes"
"Third";"van Billiard, Master. James William";"Male";1;1;"A/5. 851";"No"
"Third";"van Billiard, Master. Walter John";"Male";1;1;"A/5. 851";"No"
"Third";"van Billiard, Mr. Austin Blyler";"Male";0;2;"A/5. 851";"No"
"Third";"Van Impe, Miss. Catharina";"Female";0;2;"345773";"No"
"Third";"Van Impe, Mr. Jean Baptiste";"Male";1;1;"345773";"No"
"Third";"Van Impe, Mrs. Jean Baptiste (Rosalie Paula Govaert)";"Female";1;1;"345773";"No"
"Third";"van Melkebeke, Mr. Philemon";"Male";0;0;"345777";"No"
"Third";"Vande Velde, Mr. Johannes Joseph";"Male";0;0;"345780";"No"
"Third";"Vande Walle, Mr. Nestor Cyriel";"Male";0;0;"345770";"No"
"Third";"Vanden Steen, Mr. Leo Peter";"Male";0;0;"345783";"No"
"Third";"Vander Cruyssen, Mr. Victor";"Male";0;0;"345765";"No"
"Third";"Vander Planke, Miss. Augusta Maria";"Female";2;0;"345764";"No"
"Third";"Vander Planke, Mr. Julius";"Male";3;0;"345763";"No"
"Third";"Vander Planke, Mr. Leo Edmondus";"Male";2;0;"345764";"No"
"Third";"Vander Planke, Mrs. Julius (Emelia Maria Vandemoortele)";"Female";1;0;"345763";"No"
"Third";"Vartanian, Mr. David";"Male";0;0;"2658";"Yes"
"Third";"Vendel, Mr. Olof Edvin";"Male";0;0;"350416";"No"
"Third";"Vestrom, Miss. Hulda Amanda Adolfina";"Female";0;0;"350406";"No"
"Third";"Vovk, Mr. Janko";"Male";0;0;"349252";"No"
"Third";"Waelens, Mr. Achille";"Male";0;0;"345767";"No"
"Third";"Ware, Mr. Frederick";"Male";0;0;"359309";"No"
"Third";"Warren, Mr. Charles William";"Male";0;0;"C.A. 49867";"No"
"Third";"Webber, Mr. James";"Male";0;0;"SOTON/OQ 3101316";"No"
"Third";"Wenzel, Mr. Linhart";"Male";0;0;"345775";"No"
"Third";"Whabee, Mrs. George Joseph (Shawneene Abi-Saab)";"Female";0;0;"2688";"Yes"
"Third";"Widegren, Mr. Carl/Charles Peter";"Male";0;0;"347064";"No"
"Third";"Wiklund, Mr. Jakob Alfred";"Male";1;0;"3101267";"No"
"Third";"Wiklund, Mr. Karl Johan";"Male";1;0;"3101266";"No"
"Third";"Wilkes, Mrs. James (Ellen Needs)";"Female";1;0;"363272";"Yes"
"Third";"Willer, Mr. Aaron ('Abi Weller')";"Male";0;0;"3410";"No"
"Third";"Willey, Mr. Edward";"Male";0;0;"S.O./P.P. 751";"No"
"Third";"Williams, Mr. Howard Hugh 'Harry'";"Male";0;0;"A/5 2466";"No"
"Third";"Williams, Mr. Leslie";"Male";0;0;"54636";"No"
"Third";"Windelov, Mr. Einar";"Male";0;0;"SOTON/OQ 3101317";"No"
"Third";"Wirz, Mr. Albert";"Male";0;0;"315154";"No"
"Third";"Wiseman, Mr. Phillippe";"Male";0;0;"A/4. 34244";"No"
"Third";"Wittevrongel, Mr. Camille";"Male";0;0;"345771";"No"
"Third";"Yasbeck, Mr. Antoni";"Male";1;0;"2659";"No"
"Third";"Yasbeck, Mrs. Antoni (Selini Alexander)";"Female";1;0;"2659";"Yes"
"Third";"Youseff, Mr. Gerious";"Male";0;0;"2628";"No"
"Third";"Yousif, Mr. Wazli";"Male";0;0;"2647";"No"
"Third";"Yousseff, Mr. Gerious";"Male";0;0;"2627";"No"
"Third";"Zabour, Miss. Hileni";"Female";1;0;"2665";"No"
"Third";"Zabour, Miss. Thamine";"Female";1;0;"2665";"No"
"Third";"Zakarian, Mr. Mapriededer";"Male";0;0;"2656";"No"
"Third";"Zakarian, Mr. Ortin";"Male";0;0;"2670";"No"
"Third";"Zimmerman, Mr. Leo";"Male";0;0;"315082";"No"
